date,homeTeam,awayTeam,homeGoals,awayGoals,homePossession,awayPossession,homeShots,awayShots,homeShotsOnTarget,awayShotsOnTarget
05/08/2022 12:00,Crystal Palace FC,Arsenal FC,0,2,56.0,44.0,10,10,2,2
06/08/2022 12:00,Fulham FC,Liverpool FC,2,2,33.0,67.0,9,11,3,4
06/08/2022 12:00,AFC Bournemouth,Aston Villa FC,2,0,35.0,65.0,7,15,3,2
06/08/2022 12:00,Leeds United FC,Wolverhampton Wanderers FC,2,1,40.0,60.0,12,15,4,6
06/08/2022 12:00,Newcastle United FC,Nottingham Forest FC,2,0,61.0,39.0,23,5,10,0
06/08/2022 12:00,Tottenham Hotspur FC,Southampton FC,4,1,58.0,42.0,18,10,8,2
06/08/2022 12:00,Everton FC,Chelsea FC,0,1,38.0,62.0,8,15,4,6
07/08/2022 12:00,Leicester,Brentford FC,2,2,56.0,44.0,14,8,5,3
07/08/2022 12:00,Manchester United FC,Brighton & Hove Albion FC,1,2,62.0,38.0,17,15,5,4
07/08/2022 12:00,West Ham United FC,Manchester City FC,0,2,25.0,75.0,6,14,1,2
13/08/2022 12:00,Manchester City FC,AFC Bournemouth,4,0,67.0,33.0,19,3,7,1
13/08/2022 12:00,Aston Villa FC,Everton FC,2,1,57.0,43.0,12,15,4,4
13/08/2022 12:00,Brighton & Hove Albion FC,Newcastle United FC,0,0,54.0,46.0,13,4,7,1
13/08/2022 12:00,Wolverhampton Wanderers FC,Fulham FC,0,0,59.0,41.0,7,9,1,3
13/08/2022 12:00,Southampton FC,Leeds United FC,2,2,43.0,57.0,14,13,4,5
13/08/2022 12:00,Brentford FC,Manchester United FC,4,0,34.0,66.0,13,15,7,4
13/08/2022 12:00,Arsenal FC,Leicester,4,2,50.0,50.0,19,6,7,2
14/08/2022 12:00,Nottingham Forest FC,West Ham United FC,1,0,43.0,57.0,13,19,6,5
14/08/2022 12:00,Chelsea FC,Tottenham Hotspur FC,2,2,63.0,37.0,16,10,3,5
15/08/2022 12:00,Liverpool FC,Crystal Palace FC,1,1,72.0,28.0,24,7,4,3
20/08/2022 12:00,Crystal Palace FC,Aston Villa FC,3,1,51.0,49.0,17,13,9,5
20/08/2022 12:00,Everton FC,Nottingham Forest FC,1,1,49.0,51.0,19,14,8,5
20/08/2022 12:00,Tottenham Hotspur FC,Wolverhampton Wanderers FC,1,0,50.0,50.0,11,20,4,3
20/08/2022 12:00,Leicester,Southampton FC,1,2,62.0,38.0,6,9,1,3
20/08/2022 12:00,AFC Bournemouth,Arsenal FC,0,3,43.0,57.0,6,14,1,6
20/08/2022 12:00,Fulham FC,Brentford FC,3,2,43.0,57.0,18,13,9,5
21/08/2022 12:00,Leeds United FC,Chelsea FC,3,0,39.0,61.0,12,14,6,3
21/08/2022 12:00,West Ham United FC,Brighton & Hove Albion FC,0,2,50.0,50.0,13,11,3,2
21/08/2022 12:00,Newcastle United FC,Manchester City FC,3,3,31.0,69.0,12,21,6,10
22/08/2022 12:00,Manchester United FC,Liverpool FC,2,1,30.0,70.0,12,17,4,5
27/08/2022 12:00,Chelsea FC,Leicester,2,1,45.0,55.0,7,17,3,5
27/08/2022 12:00,Southampton FC,Manchester United FC,0,1,49.0,51.0,17,11,5,6
27/08/2022 12:00,Brentford FC,Everton FC,1,1,58.0,42.0,19,14,5,7
27/08/2022 12:00,Liverpool FC,AFC Bournemouth,9,0,69.0,31.0,19,5,12,2
27/08/2022 12:00,Manchester City FC,Crystal Palace FC,4,2,74.0,26.0,18,2,5,2
27/08/2022 12:00,Arsenal FC,Fulham FC,2,1,71.0,29.0,22,11,8,3
27/08/2022 12:00,Brighton & Hove Albion FC,Leeds United FC,1,0,44.0,56.0,13,10,4,2
28/08/2022 12:00,Aston Villa FC,West Ham United FC,0,1,58.0,42.0,9,7,3,2
28/08/2022 12:00,Wolverhampton Wanderers FC,Newcastle United FC,1,1,37.0,63.0,10,21,4,6
28/08/2022 12:00,Nottingham Forest FC,Tottenham Hotspur FC,0,2,55.0,45.0,17,18,1,7
30/08/2022 12:00,Crystal Palace FC,Brentford FC,1,1,49.0,51.0,13,9,4,3
30/08/2022 12:00,Fulham FC,Brighton & Hove Albion FC,2,1,39.0,61.0,10,7,3,4
30/08/2022 12:00,Southampton FC,Chelsea FC,2,1,33.0,67.0,9,10,7,4
30/08/2022 12:00,Leeds United FC,Everton FC,1,1,69.0,31.0,14,7,5,2
31/08/2022 12:00,Arsenal FC,Aston Villa FC,2,1,59.0,41.0,22,4,9,3
31/08/2022 12:00,AFC Bournemouth,Wolverhampton Wanderers FC,0,0,35.0,65.0,5,17,2,4
31/08/2022 12:00,Manchester City FC,Nottingham Forest FC,6,0,74.0,26.0,17,8,9,1
31/08/2022 12:00,West Ham United FC,Tottenham Hotspur FC,1,1,39.0,61.0,14,13,4,4
31/08/2022 12:00,Liverpool FC,Newcastle United FC,2,1,72.0,28.0,23,5,6,2
01/09/2022 12:00,Leicester,Manchester United FC,0,1,53.0,47.0,10,9,2,2
03/09/2022 12:00,Newcastle United FC,Crystal Palace FC,0,0,52.0,48.0,23,19,6,9
03/09/2022 12:00,Everton FC,Liverpool FC,0,0,39.0,61.0,14,23,3,8
03/09/2022 12:00,Brentford FC,Leeds United FC,5,2,32.0,68.0,14,17,8,6
03/09/2022 12:00,Chelsea FC,West Ham United FC,2,1,67.0,33.0,8,6,3,3
03/09/2022 12:00,Tottenham Hotspur FC,Fulham FC,2,1,52.0,48.0,23,9,10,3
03/09/2022 12:00,Wolverhampton Wanderers FC,Southampton FC,1,0,51.0,49.0,7,12,2,1
03/09/2022 12:00,Aston Villa FC,Manchester City FC,1,1,29.0,71.0,3,13,1,4
03/09/2022 12:00,Nottingham Forest FC,AFC Bournemouth,2,3,52.0,48.0,11,8,3,3
04/09/2022 12:00,Brighton & Hove Albion FC,Leicester,5,2,53.0,47.0,23,6,11,4
04/09/2022 12:00,Manchester United FC,Arsenal FC,3,1,40.0,60.0,10,16,6,3
16/09/2022 12:00,Aston Villa FC,Southampton FC,1,0,53.0,47.0,11,7,3,1
16/09/2022 12:00,Nottingham Forest FC,Fulham FC,2,3,41.0,59.0,11,15,3,7
17/09/2022 12:00,Newcastle United FC,AFC Bournemouth,1,1,72.0,28.0,20,10,7,3
17/09/2022 12:00,Tottenham Hotspur FC,Leicester,6,2,44.0,56.0,16,19,11,7
17/09/2022 12:00,Wolverhampton Wanderers FC,Manchester City FC,0,3,41.0,59.0,6,16,1,7
18/09/2022 12:00,Brentford FC,Arsenal FC,0,3,37.0,63.0,5,13,2,7
18/09/2022 12:00,Everton FC,West Ham United FC,1,0,53.0,47.0,7,14,2,4
01/10/2022 12:00,Southampton FC,Everton FC,1,2,55.0,45.0,22,12,6,5
01/10/2022 12:00,West Ham United FC,Wolverhampton Wanderers FC,2,0,39.0,61.0,18,15,5,4
01/10/2022 12:00,Arsenal FC,Tottenham Hotspur FC,3,1,64.0,36.0,22,7,9,3
01/10/2022 12:00,AFC Bournemouth,Brentford FC,0,0,42.0,58.0,7,13,1,4
01/10/2022 12:00,Crystal Palace FC,Chelsea FC,1,2,36.0,64.0,7,13,3,3
01/10/2022 12:00,Fulham FC,Newcastle United FC,1,4,33.0,67.0,3,19,1,10
01/10/2022 12:00,Liverpool FC,Brighton & Hove Albion FC,3,3,54.0,46.0,15,6,7,6
02/10/2022 12:00,Manchester City FC,Manchester United FC,6,3,53.0,47.0,22,12,10,8
02/10/2022 12:00,Leeds United FC,Aston Villa FC,0,0,44.0,56.0,9,19,1,7
03/10/2022 12:00,Leicester,Nottingham Forest FC,4,0,51.0,49.0,17,10,7,3
08/10/2022 12:00,AFC Bournemouth,Leicester,2,1,45.0,55.0,10,9,4,5
08/10/2022 12:00,Brighton & Hove Albion FC,Tottenham Hotspur FC,0,1,59.0,41.0,14,8,4,3
08/10/2022 12:00,Chelsea FC,Wolverhampton Wanderers FC,3,0,57.0,43.0,20,8,7,2
08/10/2022 12:00,Newcastle United FC,Brentford FC,5,1,54.0,46.0,16,6,6,3
08/10/2022 12:00,Manchester City FC,Southampton FC,4,0,65.0,35.0,21,5,8,0
09/10/2022 12:00,Crystal Palace FC,Leeds United FC,2,1,54.0,46.0,13,10,5,4
09/10/2022 12:00,West Ham United FC,Fulham FC,3,1,50.0,50.0,17,8,8,2
09/10/2022 12:00,Arsenal FC,Liverpool FC,3,2,43.0,57.0,11,8,7,3
09/10/2022 12:00,Everton FC,Manchester United FC,1,2,40.0,60.0,11,12,2,4
10/10/2022 12:00,Nottingham Forest FC,Aston Villa FC,1,1,40.0,60.0,6,12,3,2
14/10/2022 12:00,Brentford FC,Brighton & Hove Albion FC,2,0,28.0,72.0,7,21,3,7
15/10/2022 12:00,Leicester,Crystal Palace FC,0,0,54.0,46.0,14,8,5,1
15/10/2022 12:00,Fulham FC,AFC Bournemouth,2,2,69.0,31.0,19,10,4,6
15/10/2022 12:00,Wolverhampton Wanderers FC,Nottingham Forest FC,1,0,58.0,42.0,9,10,2,2
15/10/2022 12:00,Tottenham Hotspur FC,Everton FC,2,0,62.0,38.0,21,4,7,0
16/10/2022 12:00,Aston Villa FC,Chelsea FC,0,2,42.0,58.0,18,8,7,4
16/10/2022 12:00,Leeds United FC,Arsenal FC,0,1,47.0,53.0,16,9,4,4
16/10/2022 12:00,Manchester United FC,Newcastle United FC,0,0,63.0,37.0,15,9,2,2
16/10/2022 12:00,Southampton FC,West Ham United FC,1,1,39.0,61.0,10,25,8,4
16/10/2022 12:00,Liverpool FC,Manchester City FC,1,0,37.0,63.0,13,16,2,6
18/10/2022 12:00,Brighton & Hove Albion FC,Nottingham Forest FC,0,0,70.0,30.0,19,3,7,0
18/10/2022 12:00,Crystal Palace FC,Wolverhampton Wanderers FC,2,1,51.0,49.0,14,10,4,4
19/10/2022 12:00,AFC Bournemouth,Southampton FC,0,1,54.0,46.0,15,9,3,3
19/10/2022 12:00,Brentford FC,Chelsea FC,0,0,34.0,66.0,8,14,5,5
19/10/2022 12:00,Liverpool FC,West Ham United FC,1,0,54.0,46.0,22,8,7,3
19/10/2022 12:00,Newcastle United FC,Everton FC,1,0,49.0,51.0,16,1,4,0
19/10/2022 12:00,Manchester United FC,Tottenham Hotspur FC,2,0,52.0,48.0,28,9,10,2
20/10/2022 12:00,Fulham FC,Aston Villa FC,3,0,60.0,40.0,18,12,8,6
20/10/2022 12:00,Leicester,Leeds United FC,2,0,46.0,54.0,5,14,1,2
22/10/2022 12:00,Nottingham Forest FC,Liverpool FC,1,0,25.0,75.0,10,15,7,7
22/10/2022 12:00,Everton FC,Crystal Palace FC,3,0,46.0,54.0,9,9,6,2
22/10/2022 12:00,Manchester City FC,Brighton & Hove Albion FC,3,1,48.0,52.0,10,8,4,2
22/10/2022 12:00,Chelsea FC,Manchester United FC,1,1,48.0,52.0,6,13,2,6
23/10/2022 12:00,Aston Villa FC,Brentford FC,4,0,45.0,55.0,19,12,11,3
23/10/2022 12:00,Leeds United FC,Fulham FC,2,3,57.0,43.0,14,11,5,5
23/10/2022 12:00,Southampton FC,Arsenal FC,1,1,41.0,59.0,10,12,3,3
23/10/2022 12:00,Wolverhampton Wanderers FC,Leicester,0,4,60.0,40.0,21,5,5,4
23/10/2022 12:00,Tottenham Hotspur FC,Newcastle United FC,1,2,53.0,47.0,17,13,5,5
24/10/2022 12:00,West Ham United FC,AFC Bournemouth,2,0,55.0,45.0,20,5,4,3
29/10/2022 12:00,Brighton & Hove Albion FC,Chelsea FC,4,1,41.0,59.0,19,15,9,7
29/10/2022 12:00,AFC Bournemouth,Tottenham Hotspur FC,2,3,31.0,69.0,6,23,4,7
29/10/2022 12:00,Brentford FC,Wolverhampton Wanderers FC,1,1,58.0,42.0,12,14,3,4
29/10/2022 12:00,Leicester,Manchester City FC,0,1,36.0,64.0,10,15,5,5
29/10/2022 12:00,Liverpool FC,Leeds United FC,1,2,68.0,32.0,22,14,10,6
29/10/2022 12:00,Newcastle United FC,Aston Villa FC,4,0,59.0,41.0,20,3,7,0
29/10/2022 12:00,Fulham FC,Everton FC,0,0,56.0,44.0,24,9,6,4
29/10/2022 12:00,Crystal Palace FC,Southampton FC,1,0,44.0,56.0,12,14,3,4
30/10/2022 12:00,Arsenal FC,Nottingham Forest FC,5,0,69.0,31.0,24,5,10,2
30/10/2022 12:00,Manchester United FC,West Ham United FC,1,0,53.0,47.0,16,13,3,5
05/11/2022 12:00,Nottingham Forest FC,Brentford FC,2,2,48.0,52.0,15,6,7,2
05/11/2022 12:00,Leeds United FC,AFC Bournemouth,4,3,60.0,40.0,18,9,4,6
05/11/2022 12:00,Wolverhampton Wanderers FC,Brighton & Hove Albion FC,2,3,29.0,71.0,8,19,5,8
05/11/2022 12:00,Everton FC,Leicester,0,2,49.0,51.0,12,22,2,8
05/11/2022 12:00,Manchester City FC,Fulham FC,2,1,70.0,30.0,16,4,5,2
06/11/2022 12:00,Chelsea FC,Arsenal FC,0,1,45.0,55.0,5,14,1,2
06/11/2022 12:00,Aston Villa FC,Manchester United FC,3,1,42.0,58.0,6,8,4,3
06/11/2022 12:00,Southampton FC,Newcastle United FC,1,4,55.0,45.0,16,7,5,4
06/11/2022 12:00,West Ham United FC,Crystal Palace FC,1,2,42.0,58.0,5,15,2,6
06/11/2022 12:00,Tottenham Hotspur FC,Liverpool FC,1,2,47.0,53.0,14,13,5,6
12/11/2022 12:00,Nottingham Forest FC,Crystal Palace FC,1,0,32.0,68.0,9,8,2,0
12/11/2022 12:00,Manchester City FC,Brentford FC,1,2,74.0,26.0,29,10,6,8
12/11/2022 12:00,AFC Bournemouth,Everton FC,3,0,36.0,64.0,16,15,9,3
12/11/2022 12:00,Liverpool FC,Southampton FC,3,1,60.0,40.0,15,9,7,5
12/11/2022 12:00,West Ham United FC,Leicester,0,2,54.0,46.0,18,9,6,6
12/11/2022 12:00,Newcastle United FC,Chelsea FC,1,0,49.0,51.0,10,5,3,2
12/11/2022 12:00,Wolverhampton Wanderers FC,Arsenal FC,0,2,38.0,62.0,11,14,2,4
12/11/2022 12:00,Tottenham Hotspur FC,Leeds United FC,4,3,55.0,45.0,14,12,8,5
13/11/2022 12:00,Brighton & Hove Albion FC,Aston Villa FC,1,2,65.0,35.0,7,8,2,2
13/11/2022 12:00,Fulham FC,Manchester United FC,1,2,53.0,47.0,14,14,7,9
26/12/2022 12:00,Everton FC,Wolverhampton Wanderers FC,1,2,58.0,42.0,12,7,6,4
26/12/2022 12:00,Brentford FC,Tottenham Hotspur FC,2,2,39.0,61.0,9,16,5,8
26/12/2022 12:00,Southampton FC,Brighton & Hove Albion FC,1,3,34.0,66.0,14,7,4,4
26/12/2022 12:00,Crystal Palace FC,Fulham FC,0,3,36.0,64.0,4,23,0,11
26/12/2022 12:00,Aston Villa FC,Liverpool FC,1,3,48.0,52.0,12,16,6,9
26/12/2022 12:00,Arsenal FC,West Ham United FC,3,1,66.0,34.0,16,8,5,4
26/12/2022 12:00,Leicester,Newcastle United FC,0,3,60.0,40.0,8,12,2,5
27/12/2022 12:00,Chelsea FC,AFC Bournemouth,2,0,60.0,40.0,15,9,5,4
27/12/2022 12:00,Manchester United FC,Nottingham Forest FC,3,0,65.0,35.0,17,8,8,3
28/12/2022 12:00,Leeds United FC,Manchester City FC,1,3,31.0,69.0,9,26,1,9
30/12/2022 12:00,West Ham United FC,Brentford FC,0,2,63.0,37.0,20,9,5,6
30/12/2022 12:00,Liverpool FC,Leicester,2,1,57.0,43.0,21,7,5,2
31/12/2022 12:00,AFC Bournemouth,Crystal Palace FC,0,2,59.0,41.0,6,15,2,6
31/12/2022 12:00,Wolverhampton Wanderers FC,Manchester United FC,0,1,46.0,54.0,10,16,3,6
31/12/2022 12:00,Fulham FC,Southampton FC,2,1,62.0,38.0,8,9,2,3
31/12/2022 12:00,Manchester City FC,Everton FC,1,1,74.0,26.0,16,2,3,1
31/12/2022 12:00,Brighton & Hove Albion FC,Arsenal FC,2,4,68.0,32.0,9,14,5,7
31/12/2022 12:00,Newcastle United FC,Leeds United FC,0,0,60.0,40.0,16,8,5,1
01/01/2023 12:00,Tottenham Hotspur FC,Aston Villa FC,0,2,59.0,41.0,6,13,2,4
01/01/2023 12:00,Nottingham Forest FC,Chelsea FC,1,1,29.0,71.0,12,7,5,2
02/01/2023 12:00,Brentford FC,Liverpool FC,3,1,28.0,72.0,10,16,7,6
03/01/2023 12:00,Leicester,Fulham FC,0,1,61.0,39.0,15,11,6,2
03/01/2023 12:00,Manchester United FC,AFC Bournemouth,3,0,58.0,42.0,18,7,6,4
03/01/2023 12:00,Arsenal FC,Newcastle United FC,0,0,66.0,34.0,17,8,4,1
03/01/2023 12:00,Everton FC,Brighton & Hove Albion FC,1,4,49.0,51.0,10,19,4,8
04/01/2023 12:00,Southampton FC,Nottingham Forest FC,0,1,63.0,37.0,8,11,0,1
04/01/2023 12:00,Leeds United FC,West Ham United FC,2,2,62.0,38.0,14,15,6,2
04/01/2023 12:00,Aston Villa FC,Wolverhampton Wanderers FC,1,1,56.0,44.0,13,10,4,3
04/01/2023 12:00,Crystal Palace FC,Tottenham Hotspur FC,0,4,47.0,53.0,19,14,4,6
05/01/2023 12:00,Chelsea FC,Manchester City FC,0,1,48.0,52.0,8,12,2,3
12/01/2023 12:00,Fulham FC,Chelsea FC,2,1,48.0,52.0,8,20,3,10
13/01/2023 12:00,Aston Villa FC,Leeds United FC,2,1,52.0,48.0,11,16,5,4
14/01/2023 12:00,Everton FC,Southampton FC,1,2,52.0,48.0,12,13,4,5
14/01/2023 12:00,Manchester United FC,Manchester City FC,2,1,30.0,70.0,8,5,4,1
14/01/2023 12:00,Brighton & Hove Albion FC,Liverpool FC,3,0,61.0,39.0,16,6,9,2
14/01/2023 12:00,Wolverhampton Wanderers FC,West Ham United FC,1,0,58.0,42.0,17,16,4,4
14/01/2023 12:00,Brentford FC,AFC Bournemouth,2,0,50.0,50.0,12,7,4,2
14/01/2023 12:00,Nottingham Forest FC,Leicester,2,0,39.0,61.0,15,6,5,1
15/01/2023 12:00,Chelsea FC,Crystal Palace FC,1,0,61.0,39.0,15,10,5,5
15/01/2023 12:00,Newcastle United FC,Fulham FC,1,0,62.0,38.0,20,5,5,0
15/01/2023 12:00,Tottenham Hotspur FC,Arsenal FC,0,2,51.0,49.0,17,14,7,5
18/01/2023 12:00,Crystal Palace FC,Manchester United FC,1,1,40.0,60.0,10,15,5,4
19/01/2023 12:00,Manchester City FC,Tottenham Hotspur FC,4,2,58.0,42.0,16,9,6,3
21/01/2023 12:00,Leicester,Brighton & Hove Albion FC,2,2,37.0,63.0,9,13,2,4
21/01/2023 12:00,Liverpool FC,Chelsea FC,0,0,48.0,52.0,15,11,3,2
21/01/2023 12:00,AFC Bournemouth,Nottingham Forest FC,1,1,43.0,57.0,16,20,4,5
21/01/2023 12:00,West Ham United FC,Everton FC,2,0,33.0,67.0,11,5,4,2
21/01/2023 12:00,Crystal Palace FC,Newcastle United FC,0,0,40.0,60.0,6,16,1,7
21/01/2023 12:00,Southampton FC,Aston Villa FC,0,1,37.0,63.0,8,16,5,5
22/01/2023 12:00,Leeds United FC,Brentford FC,0,0,58.0,42.0,9,6,5,0
22/01/2023 12:00,Manchester City FC,Wolverhampton Wanderers FC,3,0,55.0,45.0,13,10,7,1
22/01/2023 12:00,Arsenal FC,Manchester United FC,3,2,57.0,43.0,25,6,5,4
23/01/2023 12:00,Fulham FC,Tottenham Hotspur FC,0,1,54.0,46.0,10,10,5,3
03/02/2023 12:00,Chelsea FC,Fulham FC,0,0,66.0,34.0,12,10,3,4
04/02/2023 12:00,Wolverhampton Wanderers FC,Liverpool FC,3,0,41.0,59.0,12,22,6,4
04/02/2023 12:00,Brighton & Hove Albion FC,AFC Bournemouth,1,0,71.0,29.0,20,12,6,2
04/02/2023 12:00,Aston Villa FC,Leicester,2,4,62.0,38.0,19,9,4,5
04/02/2023 12:00,Everton FC,Arsenal FC,1,0,30.0,70.0,12,15,4,3
04/02/2023 12:00,Brentford FC,Southampton FC,3,0,49.0,51.0,14,14,4,6
04/02/2023 12:00,Newcastle United FC,West Ham United FC,1,1,62.0,38.0,8,10,2,1
04/02/2023 12:00,Manchester United FC,Crystal Palace FC,2,1,52.0,48.0,14,10,5,3
05/02/2023 12:00,Nottingham Forest FC,Leeds United FC,1,0,30.0,70.0,6,10,2,4
05/02/2023 12:00,Tottenham Hotspur FC,Manchester City FC,1,0,36.0,64.0,12,15,3,5
08/02/2023 12:00,Manchester United FC,Leeds United FC,2,2,66.0,34.0,24,8,7,2
11/02/2023 12:00,Arsenal FC,Brentford FC,1,1,69.0,31.0,23,9,7,2
11/02/2023 12:00,Crystal Palace FC,Brighton & Hove Albion FC,1,1,27.0,73.0,6,17,1,7
11/02/2023 12:00,Southampton FC,Wolverhampton Wanderers FC,1,2,41.0,59.0,17,11,2,2
11/02/2023 12:00,West Ham United FC,Chelsea FC,1,1,29.0,71.0,10,12,2,4
11/02/2023 12:00,AFC Bournemouth,Newcastle United FC,1,1,34.0,66.0,11,15,5,7
11/02/2023 12:00,Leicester,Tottenham Hotspur FC,4,1,49.0,51.0,15,11,7,4
11/02/2023 12:00,Fulham FC,Nottingham Forest FC,2,0,50.0,50.0,16,10,3,1
12/02/2023 12:00,Leeds United FC,Manchester United FC,0,2,34.0,66.0,16,11,6,5
12/02/2023 12:00,Manchester City FC,Aston Villa FC,3,1,67.0,33.0,17,6,9,2
13/02/2023 12:00,Liverpool FC,Everton FC,2,0,59.0,41.0,15,6,6,1
15/02/2023 12:00,Arsenal FC,Manchester City FC,1,3,63.0,37.0,10,9,1,6
18/02/2023 12:00,Brighton & Hove Albion FC,Fulham FC,0,1,65.0,35.0,21,5,7,2
18/02/2023 12:00,Chelsea FC,Southampton FC,0,1,62.0,38.0,17,8,5,5
18/02/2023 12:00,Aston Villa FC,Arsenal FC,2,4,33.0,67.0,7,20,5,5
18/02/2023 12:00,Brentford FC,Crystal Palace FC,1,1,59.0,41.0,12,10,5,4
18/02/2023 12:00,Wolverhampton Wanderers FC,AFC Bournemouth,0,1,68.0,32.0,15,5,4,1
18/02/2023 12:00,Newcastle United FC,Liverpool FC,0,2,38.0,62.0,14,13,4,7
18/02/2023 12:00,Everton FC,Leeds United FC,1,0,51.0,49.0,15,8,6,0
18/02/2023 12:00,Nottingham Forest FC,Manchester City FC,1,1,27.0,73.0,4,26,1,6
19/02/2023 12:00,Manchester United FC,Leicester,3,0,57.0,43.0,26,19,8,3
19/02/2023 12:00,Tottenham Hotspur FC,West Ham United FC,2,0,57.0,43.0,16,6,6,1
24/02/2023 12:00,Fulham FC,Wolverhampton Wanderers FC,1,1,51.0,49.0,10,8,5,2
25/02/2023 12:00,Leicester,Arsenal FC,0,1,35.0,65.0,1,10,0,2
25/02/2023 12:00,Everton FC,Aston Villa FC,0,2,47.0,53.0,15,9,5,5
25/02/2023 12:00,Leeds United FC,Southampton FC,1,0,61.0,39.0,14,8,4,2
25/02/2023 12:00,AFC Bournemouth,Manchester City FC,1,4,35.0,65.0,13,20,2,5
25/02/2023 12:00,Crystal Palace FC,Liverpool FC,0,0,37.0,63.0,6,12,0,4
25/02/2023 12:00,West Ham United FC,Nottingham Forest FC,4,0,49.0,51.0,18,8,5,3
26/02/2023 12:00,Tottenham Hotspur FC,Chelsea FC,2,0,41.0,59.0,8,10,3,2
01/03/2023 12:00,Arsenal FC,Everton FC,4,0,73.0,27.0,15,8,5,5
01/03/2023 12:00,Liverpool FC,Wolverhampton Wanderers FC,2,0,57.0,43.0,15,4,6,1
04/03/2023 12:00,Aston Villa FC,Crystal Palace FC,1,0,58.0,42.0,8,3,1,0
04/03/2023 12:00,Arsenal FC,AFC Bournemouth,3,2,79.0,21.0,31,4,9,4
04/03/2023 12:00,Wolverhampton Wanderers FC,Tottenham Hotspur FC,1,0,46.0,54.0,8,21,5,6
04/03/2023 12:00,Manchester City FC,Newcastle United FC,2,0,56.0,44.0,11,5,3,2
04/03/2023 12:00,Chelsea FC,Leeds United FC,1,0,57.0,43.0,13,11,3,2
04/03/2023 12:00,Southampton FC,Leicester,1,0,35.0,65.0,11,11,5,0
04/03/2023 12:00,Brighton & Hove Albion FC,West Ham United FC,4,0,65.0,35.0,20,3,9,2
05/03/2023 12:00,Nottingham Forest FC,Everton FC,2,2,57.0,43.0,10,10,4,3
05/03/2023 12:00,Liverpool FC,Manchester United FC,7,0,59.0,41.0,18,8,8,4
06/03/2023 12:00,Brentford FC,Fulham FC,3,2,37.0,63.0,14,9,6,5
11/03/2023 12:00,Tottenham Hotspur FC,Nottingham Forest FC,3,1,55.0,45.0,15,9,7,5
11/03/2023 12:00,Crystal Palace FC,Manchester City FC,0,1,33.0,67.0,4,14,0,4
11/03/2023 12:00,AFC Bournemouth,Liverpool FC,1,0,31.0,69.0,5,15,2,6
11/03/2023 12:00,Everton FC,Brentford FC,1,0,33.0,67.0,13,12,6,4
11/03/2023 12:00,Leeds United FC,Brighton & Hove Albion FC,2,2,38.0,62.0,12,14,4,2
11/03/2023 12:00,Leicester,Chelsea FC,1,3,48.0,52.0,17,12,7,6
12/03/2023 12:00,Fulham FC,Arsenal FC,0,3,45.0,55.0,12,15,2,7
12/03/2023 12:00,Manchester United FC,Southampton FC,0,0,47.0,53.0,10,17,4,4
12/03/2023 12:00,West Ham United FC,Aston Villa FC,1,1,41.0,59.0,17,12,6,4
12/03/2023 12:00,Newcastle United FC,Wolverhampton Wanderers FC,2,1,43.0,57.0,19,7,8,4
15/03/2023 12:00,Brighton & Hove Albion FC,Crystal Palace FC,1,0,57.0,43.0,11,11,5,3
15/03/2023 12:00,Southampton FC,Brentford FC,0,2,66.0,34.0,7,11,1,5
17/03/2023 12:00,Nottingham Forest FC,Newcastle United FC,1,2,39.0,61.0,5,15,3,4
18/03/2023 12:00,Aston Villa FC,AFC Bournemouth,3,0,56.0,44.0,20,10,9,3
18/03/2023 12:00,Brentford FC,Leicester,1,1,53.0,47.0,11,14,2,1
18/03/2023 12:00,Southampton FC,Tottenham Hotspur FC,3,3,51.0,49.0,19,17,7,3
18/03/2023 12:00,Wolverhampton Wanderers FC,Leeds United FC,2,4,65.0,35.0,23,11,8,4
18/03/2023 12:00,Chelsea FC,Everton FC,2,2,68.0,32.0,20,12,7,3
19/03/2023 12:00,Arsenal FC,Crystal Palace FC,4,1,62.0,38.0,15,8,5,4
01/04/2023 12:00,Brighton & Hove Albion FC,Brentford FC,3,3,72.0,28.0,33,7,15,5
01/04/2023 12:00,Arsenal FC,Leeds United FC,4,1,66.0,34.0,13,7,6,5
01/04/2023 12:00,AFC Bournemouth,Fulham FC,2,1,43.0,57.0,12,10,7,2
01/04/2023 12:00,Chelsea FC,Aston Villa FC,0,2,69.0,31.0,27,5,8,2
01/04/2023 12:00,Crystal Palace FC,Leicester,2,1,52.0,48.0,31,3,9,2
01/04/2023 12:00,Nottingham Forest FC,Wolverhampton Wanderers FC,1,1,29.0,71.0,17,8,7,1
01/04/2023 12:00,Manchester City FC,Liverpool FC,4,1,68.0,32.0,17,4,8,1
02/04/2023 12:00,West Ham United FC,Southampton FC,1,0,43.0,57.0,12,9,2,3
02/04/2023 12:00,Newcastle United FC,Manchester United FC,2,0,46.0,54.0,22,6,6,1
03/04/2023 12:00,Everton FC,Tottenham Hotspur FC,1,1,39.0,61.0,15,8,6,2
04/04/2023 12:00,AFC Bournemouth,Brighton & Hove Albion FC,0,2,37.0,63.0,14,16,3,6
04/04/2023 12:00,Leeds United FC,Nottingham Forest FC,2,1,61.0,39.0,21,13,6,1
04/04/2023 12:00,Leicester,Aston Villa FC,1,2,36.0,64.0,9,15,4,5
04/04/2023 12:00,Chelsea FC,Liverpool FC,0,0,49.0,51.0,12,7,3,4
05/04/2023 12:00,Manchester United FC,Brentford FC,1,0,64.0,36.0,18,6,3,1
05/04/2023 12:00,West Ham United FC,Newcastle United FC,1,5,42.0,58.0,7,15,2,8
08/04/2023 12:00,Fulham FC,West Ham United FC,0,1,76.0,24.0,16,9,3,5
08/04/2023 12:00,Aston Villa FC,Nottingham Forest FC,2,0,63.0,37.0,8,6,3,2
08/04/2023 12:00,Brentford FC,Newcastle United FC,1,2,42.0,58.0,12,10,6,4
08/04/2023 12:00,Manchester United FC,Everton FC,2,0,63.0,37.0,29,15,11,1
08/04/2023 12:00,Leicester,AFC Bournemouth,0,1,51.0,49.0,14,19,4,7
08/04/2023 12:00,Tottenham Hotspur FC,Brighton & Hove Albion FC,2,1,35.0,65.0,9,17,3,4
08/04/2023 12:00,Southampton FC,Manchester City FC,1,4,27.0,73.0,4,13,1,8
08/04/2023 12:00,Wolverhampton Wanderers FC,Chelsea FC,1,0,38.0,62.0,9,13,4,1
09/04/2023 12:00,Leeds United FC,Crystal Palace FC,1,5,48.0,52.0,11,16,7,8
09/04/2023 12:00,Liverpool FC,Arsenal FC,2,2,59.0,41.0,21,9,6,5
15/04/2023 12:00,Wolverhampton Wanderers FC,Brentford FC,2,0,50.0,50.0,11,10,9,3
15/04/2023 12:00,Manchester City FC,Leicester,3,1,70.0,30.0,12,10,4,4
15/04/2023 12:00,Aston Villa FC,Newcastle United FC,3,0,52.0,48.0,16,8,6,2
15/04/2023 12:00,Chelsea FC,Brighton & Hove Albion FC,1,2,43.0,57.0,8,26,2,10
15/04/2023 12:00,Everton FC,Fulham FC,1,3,46.0,54.0,15,21,7,7
15/04/2023 12:00,Southampton FC,Crystal Palace FC,0,2,58.0,42.0,11,9,4,2
15/04/2023 12:00,Tottenham Hotspur FC,AFC Bournemouth,2,3,58.0,42.0,24,6,8,6
16/04/2023 12:00,West Ham United FC,Arsenal FC,2,2,30.0,70.0,16,11,3,5
16/04/2023 12:00,Nottingham Forest FC,Manchester United FC,0,2,32.0,68.0,6,22,0,8
17/04/2023 12:00,Leeds United FC,Liverpool FC,1,6,27.0,73.0,13,13,3,7
21/04/2023 12:00,Arsenal FC,Southampton FC,3,3,74.0,26.0,25,8,6,6
22/04/2023 12:00,Fulham FC,Leeds United FC,2,1,50.0,50.0,12,10,5,2
22/04/2023 12:00,Brentford FC,Aston Villa FC,1,1,44.0,56.0,6,14,5,2
22/04/2023 12:00,Crystal Palace FC,Everton FC,0,0,56.0,44.0,12,10,2,5
22/04/2023 12:00,Leicester,Wolverhampton Wanderers FC,2,1,42.0,58.0,15,16,8,3
22/04/2023 12:00,Liverpool FC,Nottingham Forest FC,3,2,80.0,20.0,18,11,6,5
23/04/2023 12:00,AFC Bournemouth,West Ham United FC,0,4,64.0,36.0,17,18,5,10
23/04/2023 12:00,Newcastle United FC,Tottenham Hotspur FC,6,1,56.0,44.0,25,11,8,3
25/04/2023 12:00,Aston Villa FC,Fulham FC,1,0,51.0,49.0,14,1,3,0
25/04/2023 12:00,Leeds United FC,Leicester,1,1,41.0,59.0,13,15,3,3
25/04/2023 12:00,Wolverhampton Wanderers FC,Crystal Palace FC,2,0,41.0,59.0,9,14,3,4
26/04/2023 12:00,Nottingham Forest FC,Brighton & Hove Albion FC,3,1,26.0,74.0,12,17,5,7
26/04/2023 12:00,Chelsea FC,Brentford FC,0,2,71.0,29.0,15,7,4,1
26/04/2023 12:00,West Ham United FC,Liverpool FC,1,2,28.0,72.0,7,20,2,4
26/04/2023 12:00,Manchester City FC,Arsenal FC,4,1,52.0,48.0,14,8,9,2
27/04/2023 12:00,Southampton FC,AFC Bournemouth,0,1,57.0,43.0,11,16,2,2
27/04/2023 12:00,Tottenham Hotspur FC,Manchester United FC,2,2,40.0,60.0,18,17,7,8
27/04/2023 12:00,Everton FC,Newcastle United FC,1,4,40.0,60.0,13,15,5,8
29/04/2023 12:00,Brighton & Hove Albion FC,Wolverhampton Wanderers FC,6,0,57.0,43.0,22,10,8,2
29/04/2023 12:00,Crystal Palace FC,West Ham United FC,4,3,59.0,41.0,16,8,6,4
29/04/2023 12:00,Brentford FC,Nottingham Forest FC,2,1,68.0,32.0,14,5,8,3
30/04/2023 12:00,AFC Bournemouth,Leeds United FC,4,1,42.0,58.0,12,15,7,6
30/04/2023 12:00,Fulham FC,Manchester City FC,1,2,38.0,62.0,4,12,1,9
30/04/2023 12:00,Manchester United FC,Aston Villa FC,1,0,57.0,43.0,14,7,6,1
30/04/2023 12:00,Newcastle United FC,Southampton FC,3,1,63.0,37.0,22,4,5,3
30/04/2023 12:00,Liverpool FC,Tottenham Hotspur FC,4,3,67.0,33.0,12,10,4,7
01/05/2023 12:00,Leicester,Everton FC,2,2,54.0,46.0,15,23,6,8
02/05/2023 12:00,Arsenal FC,Chelsea FC,3,1,55.0,45.0,16,7,10,4
03/05/2023 12:00,Liverpool FC,Fulham FC,1,0,57.0,43.0,15,9,3,3
03/05/2023 12:00,Manchester City FC,West Ham United FC,3,0,69.0,31.0,16,6,7,2
04/05/2023 12:00,Brighton & Hove Albion FC,Manchester United FC,1,0,59.0,41.0,22,16,6,5
06/05/2023 12:00,Tottenham Hotspur FC,Crystal Palace FC,1,0,56.0,44.0,8,7,3,2
06/05/2023 12:00,Manchester City FC,Leeds United FC,2,1,80.0,20.0,18,4,6,2
06/05/2023 12:00,Liverpool FC,Brentford FC,1,0,54.0,46.0,15,5,5,1
06/05/2023 12:00,Wolverhampton Wanderers FC,Aston Villa FC,1,0,38.0,62.0,6,16,2,3
06/05/2023 12:00,AFC Bournemouth,Chelsea FC,1,3,35.0,65.0,10,11,4,5
07/05/2023 12:00,Newcastle United FC,Arsenal FC,0,2,55.0,45.0,12,10,5,6
07/05/2023 12:00,West Ham United FC,Manchester United FC,1,0,35.0,65.0,15,19,4,4
08/05/2023 12:00,Fulham FC,Leicester,5,3,57.0,43.0,17,18,7,9
08/05/2023 12:00,Brighton & Hove Albion FC,Everton FC,1,5,78.0,22.0,23,10,5,5
08/05/2023 12:00,Nottingham Forest FC,Southampton FC,4,3,36.0,64.0,9,19,4,5
13/05/2023 12:00,Chelsea FC,Nottingham Forest FC,2,2,75.0,25.0,14,11,6,2
13/05/2023 12:00,Aston Villa FC,Tottenham Hotspur FC,2,1,48.0,52.0,8,5,4,2
13/05/2023 12:00,Leeds United FC,Newcastle United FC,2,2,36.0,64.0,9,18,4,5
13/05/2023 12:00,Crystal Palace FC,AFC Bournemouth,2,0,59.0,41.0,17,5,5,0
13/05/2023 12:00,Southampton FC,Fulham FC,0,2,36.0,64.0,5,9,1,4
13/05/2023 12:00,Manchester United FC,Wolverhampton Wanderers FC,2,0,48.0,52.0,27,5,9,0
14/05/2023 12:00,Brentford FC,West Ham United FC,2,0,53.0,47.0,24,4,10,4
14/05/2023 12:00,Everton FC,Manchester City FC,0,3,37.0,63.0,7,9,3,4
14/05/2023 12:00,Arsenal FC,Brighton & Hove Albion FC,0,3,41.0,59.0,14,12,2,6
15/05/2023 12:00,Leicester,Liverpool FC,0,3,34.0,66.0,4,16,4,5
18/05/2023 12:00,Newcastle United FC,Brighton & Hove Albion FC,4,1,35.0,65.0,22,8,9,2
20/05/2023 12:00,Tottenham Hotspur FC,Brentford FC,1,3,61.0,39.0,22,11,8,4
20/05/2023 12:00,AFC Bournemouth,Manchester United FC,0,1,41.0,59.0,10,20,4,5
20/05/2023 12:00,Fulham FC,Crystal Palace FC,2,2,49.0,51.0,11,11,4,5
20/05/2023 12:00,Liverpool FC,Aston Villa FC,1,1,66.0,34.0,10,6,5,3
20/05/2023 12:00,Wolverhampton Wanderers FC,Everton FC,1,1,52.0,48.0,13,19,5,4
20/05/2023 12:00,Nottingham Forest FC,Arsenal FC,1,0,19.0,81.0,6,11,2,3
21/05/2023 12:00,West Ham United FC,Leeds United FC,3,1,59.0,41.0,19,12,9,3
21/05/2023 12:00,Brighton & Hove Albion FC,Southampton FC,3,1,63.0,37.0,26,5,8,1
21/05/2023 12:00,Manchester City FC,Chelsea FC,1,0,64.0,36.0,15,13,2,6
22/05/2023 12:00,Newcastle United FC,Leicester,0,0,77.0,23.0,23,1,4,1
24/05/2023 12:00,Brighton & Hove Albion FC,Manchester City FC,1,1,40.0,60.0,20,13,7,4
25/05/2023 12:00,Manchester United FC,Chelsea FC,4,1,42.0,58.0,18,14,9,5
28/05/2023 12:00,Chelsea FC,Newcastle United FC,1,1,64.0,36.0,22,13,5,4
28/05/2023 12:00,Crystal Palace FC,Nottingham Forest FC,1,1,66.0,34.0,16,7,4,4
28/05/2023 12:00,Arsenal FC,Wolverhampton Wanderers FC,5,0,51.0,49.0,14,6,8,0
28/05/2023 12:00,Aston Villa FC,Brighton & Hove Albion FC,2,1,41.0,59.0,12,8,5,4
28/05/2023 12:00,Brentford FC,Manchester City FC,1,0,35.0,65.0,11,17,4,3
28/05/2023 12:00,Leicester,West Ham United FC,2,1,48.0,52.0,13,16,4,3
28/05/2023 12:00,Manchester United FC,Fulham FC,2,1,53.0,47.0,21,10,8,3
28/05/2023 12:00,Southampton FC,Liverpool FC,4,4,31.0,69.0,15,30,10,8
28/05/2023 12:00,Leeds United FC,Tottenham Hotspur FC,1,4,52.0,48.0,19,11,2,7
28/05/2023 12:00,Everton FC,AFC Bournemouth,1,0,38.0,62.0,13,7,6,2
11/08/2023 20:00,Burnley FC,Manchester City FC,0,3,35.0,65.0,6.0,17.0,1.0,8.0
12/08/2023 13:00,Arsenal FC,Nottingham Forest FC,2,1,78.0,22.0,15.0,6.0,7.0,2.0
12/08/2023 15:00,Everton FC,Fulham FC,0,1,42.0,58.0,19.0,9.0,9.0,2.0
12/08/2023 15:00,AFC Bournemouth,West Ham United FC,1,1,62.0,38.0,14.0,16.0,5.0,3.0
12/08/2023 15:00,Brighton & Hove Albion FC,Luton,4,1,70.0,30.0,27.0,9.0,12.0,3.0
12/08/2023 15:00,Sheffield Utd,Crystal Palace FC,0,1,32.0,68.0,8.0,24.0,1.0,8.0
12/08/2023 17:30,Newcastle United FC,Aston Villa FC,5,1,52.0,48.0,17.0,16.0,13.0,6.0
13/08/2023 14:00,Brentford FC,Tottenham Hotspur FC,2,2,31.0,69.0,11.0,18.0,6.0,6.0
13/08/2023 16:30,Chelsea FC,Liverpool FC,1,1,65.0,35.0,10.0,13.0,4.0,1.0
14/08/2023 20:00,Manchester United FC,Wolverhampton Wanderers FC,1,0,51.0,49.0,15.0,23.0,3.0,6.0
18/08/2023 19:45,Nottingham Forest FC,Sheffield Utd,2,1,50.0,50.0,16.0,7.0,4.0,3.0
19/08/2023 15:00,Liverpool FC,AFC Bournemouth,3,1,64.0,36.0,26.0,13.0,10.0,5.0
19/08/2023 15:00,Fulham FC,Brentford FC,0,3,55.0,45.0,10.0,17.0,2.0,8.0
19/08/2023 15:00,Wolverhampton Wanderers FC,Brighton & Hove Albion FC,1,4,47.0,53.0,16.0,16.0,5.0,8.0
19/08/2023 17:30,Tottenham Hotspur FC,Manchester United FC,2,0,55.0,45.0,17.0,22.0,6.0,6.0
19/08/2023 20:00,Manchester City FC,Newcastle United FC,1,0,59.0,41.0,14.0,7.0,4.0,1.0
20/08/2023 14:00,Aston Villa FC,Everton FC,4,0,60.0,40.0,13.0,9.0,7.0,2.0
20/08/2023 16:30,West Ham United FC,Chelsea FC,3,1,25.0,75.0,12.0,17.0,6.0,4.0
21/08/2023 20:00,Crystal Palace FC,Arsenal FC,0,1,47.0,53.0,14.0,14.0,2.0,3.0
25/08/2023 20:00,Chelsea FC,Luton,3,0,67.0,33.0,19.0,11.0,8.0,1.0
26/08/2023 12:30,AFC Bournemouth,Tottenham Hotspur FC,0,2,44.0,56.0,11.0,17.0,3.0,6.0
26/08/2023 15:00,Manchester United FC,Nottingham Forest FC,3,2,66.0,34.0,18.0,9.0,9.0,4.0
26/08/2023 15:00,Everton FC,Wolverhampton Wanderers FC,0,1,47.0,53.0,15.0,11.0,7.0,2.0
26/08/2023 15:00,Brentford FC,Crystal Palace FC,1,1,60.0,40.0,12.0,15.0,1.0,5.0
26/08/2023 15:00,Arsenal FC,Fulham FC,2,2,71.0,29.0,19.0,8.0,11.0,3.0
26/08/2023 17:30,Brighton & Hove Albion FC,West Ham United FC,1,3,78.0,22.0,25.0,12.0,10.0,3.0
27/08/2023 14:00,Burnley FC,Aston Villa FC,1,3,57.0,43.0,9.0,16.0,2.0,6.0
27/08/2023 14:00,Sheffield Utd,Manchester City FC,1,2,21.0,79.0,6.0,30.0,2.0,9.0
27/08/2023 16:30,Newcastle United FC,Liverpool FC,1,2,59.0,41.0,23.0,9.0,8.0,4.0
01/09/2023 20:00,Luton,West Ham United FC,1,2,39.0,61.0,16.0,9.0,1.0,3.0
02/09/2023 12:30,Sheffield Utd,Everton FC,2,2,46.0,54.0,13.0,16.0,8.0,6.0
02/09/2023 15:00,Chelsea FC,Nottingham Forest FC,0,1,75.0,25.0,21.0,7.0,2.0,3.0
02/09/2023 15:00,Burnley FC,Tottenham Hotspur FC,2,5,47.0,53.0,16.0,20.0,4.0,10.0
02/09/2023 15:00,Manchester City FC,Fulham FC,5,1,68.0,32.0,7.0,6.0,5.0,4.0
02/09/2023 15:00,Brentford FC,AFC Bournemouth,2,2,60.0,40.0,21.0,12.0,7.0,5.0
02/09/2023 17:30,Brighton & Hove Albion FC,Newcastle United FC,3,1,56.0,44.0,15.0,9.0,6.0,2.0
03/09/2023 14:00,Crystal Palace FC,Wolverhampton Wanderers FC,3,2,43.0,57.0,16.0,12.0,11.0,4.0
03/09/2023 14:00,Liverpool FC,Aston Villa FC,3,0,63.0,37.0,17.0,9.0,4.0,3.0
03/09/2023 16:30,Arsenal FC,Manchester United FC,3,1,55.0,45.0,17.0,10.0,5.0,2.0
16/09/2023 12:30,Wolverhampton Wanderers FC,Liverpool FC,1,3,35.0,65.0,11.0,16.0,2.0,6.0
16/09/2023 15:00,Tottenham Hotspur FC,Sheffield Utd,2,1,70.0,30.0,28.0,7.0,10.0,5.0
16/09/2023 15:00,West Ham United FC,Manchester City FC,1,3,32.0,68.0,6.0,29.0,3.0,15.0
16/09/2023 15:00,Manchester United FC,Brighton & Hove Albion FC,1,3,44.0,56.0,14.0,10.0,4.0,8.0
16/09/2023 15:00,Aston Villa FC,Crystal Palace FC,3,1,66.0,34.0,16.0,6.0,5.0,3.0
16/09/2023 15:00,Fulham FC,Luton,1,0,77.0,23.0,13.0,7.0,2.0,2.0
16/09/2023 17:30,Newcastle United FC,Brentford FC,1,0,56.0,44.0,9.0,11.0,2.0,2.0
17/09/2023 14:00,AFC Bournemouth,Chelsea FC,0,0,36.0,64.0,13.0,14.0,4.0,6.0
17/09/2023 16:30,Everton FC,Arsenal FC,0,1,26.0,74.0,8.0,13.0,1.0,4.0
18/09/2023 19:45,Nottingham Forest FC,Burnley FC,1,1,46.0,54.0,14.0,10.0,4.0,3.0
23/09/2023 15:00,Manchester City FC,Nottingham Forest FC,2,0,57.0,43.0,7.0,10.0,4.0,3.0
23/09/2023 15:00,Crystal Palace FC,Fulham FC,0,0,51.0,49.0,7.0,10.0,3.0,5.0
23/09/2023 15:00,Luton,Wolverhampton Wanderers FC,1,1,57.0,43.0,20.0,3.0,4.0,3.0
23/09/2023 17:30,Brentford FC,Everton FC,1,3,57.0,43.0,12.0,18.0,2.0,6.0
23/09/2023 20:00,Burnley FC,Manchester United FC,0,1,61.0,39.0,12.0,11.0,4.0,4.0
24/09/2023 14:00,Chelsea FC,Aston Villa FC,0,1,53.0,47.0,10.0,15.0,4.0,7.0
24/09/2023 14:00,Brighton & Hove Albion FC,AFC Bournemouth,3,1,61.0,39.0,13.0,12.0,4.0,4.0
24/09/2023 14:00,Liverpool FC,West Ham United FC,3,1,63.0,37.0,22.0,11.0,7.0,4.0
24/09/2023 14:00,Arsenal FC,Tottenham Hotspur FC,2,2,47.0,53.0,13.0,13.0,6.0,5.0
24/09/2023 16:30,Sheffield Utd,Newcastle United FC,0,8,42.0,58.0,9.0,22.0,1.0,15.0
30/09/2023 12:30,Aston Villa FC,Brighton & Hove Albion FC,6,1,39.0,61.0,19.0,11.0,9.0,3.0
30/09/2023 15:00,AFC Bournemouth,Arsenal FC,0,4,43.0,57.0,8.0,15.0,1.0,8.0
30/09/2023 15:00,Everton FC,Luton,1,2,67.0,33.0,23.0,9.0,5.0,2.0
30/09/2023 15:00,Manchester United FC,Crystal Palace FC,0,1,77.0,23.0,19.0,8.0,4.0,2.0
30/09/2023 15:00,Newcastle United FC,Burnley FC,2,0,53.0,47.0,20.0,8.0,8.0,2.0
30/09/2023 15:00,West Ham United FC,Sheffield Utd,2,0,52.0,48.0,20.0,16.0,9.0,2.0
30/09/2023 15:00,Wolverhampton Wanderers FC,Manchester City FC,2,1,32.0,68.0,3.0,23.0,1.0,8.0
30/09/2023 17:30,Tottenham Hotspur FC,Liverpool FC,2,1,64.0,36.0,24.0,12.0,8.0,4.0
01/10/2023 14:00,Nottingham Forest FC,Brentford FC,1,1,41.0,59.0,6.0,18.0,1.0,5.0
02/10/2023 20:00,Fulham FC,Chelsea FC,0,2,56.0,44.0,10.0,11.0,3.0,4.0
03/10/2023 19:30,Luton,Burnley FC,1,2,49.0,51.0,18.0,14.0,3.0,4.0
07/10/2023 12:30,Luton,Tottenham Hotspur FC,0,1,34.0,66.0,12.0,15.0,2.0,4.0
07/10/2023 15:00,Burnley FC,Chelsea FC,1,4,38.0,62.0,10.0,9.0,3.0,5.0
07/10/2023 15:00,Everton FC,AFC Bournemouth,3,0,48.0,52.0,25.0,11.0,8.0,4.0
07/10/2023 15:00,Fulham FC,Sheffield Utd,3,1,60.0,40.0,20.0,5.0,6.0,2.0
07/10/2023 15:00,Manchester United FC,Brentford FC,2,1,64.0,36.0,21.0,11.0,8.0,3.0
07/10/2023 17:30,Crystal Palace FC,Nottingham Forest FC,0,0,52.0,48.0,8.0,16.0,2.0,5.0
08/10/2023 14:00,Brighton & Hove Albion FC,Liverpool FC,2,2,46.0,54.0,14.0,14.0,3.0,4.0
08/10/2023 14:00,West Ham United FC,Newcastle United FC,2,2,36.0,64.0,5.0,10.0,3.0,3.0
08/10/2023 14:00,Wolverhampton Wanderers FC,Aston Villa FC,1,1,47.0,53.0,8.0,18.0,3.0,4.0
08/10/2023 16:30,Arsenal FC,Manchester City FC,1,0,49.0,51.0,12.0,4.0,2.0,1.0
21/10/2023 12:30,Liverpool FC,Everton FC,2,0,77.0,23.0,26.0,6.0,6.0,1.0
21/10/2023 15:00,AFC Bournemouth,Wolverhampton Wanderers FC,1,2,35.0,65.0,7.0,20.0,4.0,7.0
21/10/2023 15:00,Brentford FC,Burnley FC,3,0,50.0,50.0,23.0,6.0,10.0,1.0
21/10/2023 15:00,Manchester City FC,Brighton & Hove Albion FC,2,1,55.0,45.0,10.0,5.0,6.0,3.0
21/10/2023 15:00,Newcastle United FC,Crystal Palace FC,4,0,59.0,41.0,10.0,17.0,7.0,3.0
21/10/2023 15:00,Nottingham Forest FC,Luton,2,2,57.0,43.0,19.0,13.0,8.0,4.0
21/10/2023 17:30,Chelsea FC,Arsenal FC,2,2,44.0,56.0,11.0,13.0,5.0,3.0
21/10/2023 20:00,Sheffield Utd,Manchester United FC,1,2,38.0,62.0,12.0,14.0,6.0,5.0
22/10/2023 16:30,Aston Villa FC,West Ham United FC,4,1,58.0,42.0,15.0,14.0,7.0,4.0
23/10/2023 20:00,Tottenham Hotspur FC,Fulham FC,2,0,55.0,45.0,15.0,10.0,5.0,3.0
27/10/2023 20:00,Crystal Palace FC,Tottenham Hotspur FC,1,2,25.0,75.0,13.0,10.0,3.0,1.0
28/10/2023 12:30,Chelsea FC,Brentford FC,0,2,68.0,32.0,17.0,7.0,2.0,5.0
28/10/2023 15:00,Arsenal FC,Sheffield Utd,5,0,67.0,33.0,13.0,2.0,8.0,0.0
28/10/2023 15:00,AFC Bournemouth,Burnley FC,2,1,45.0,55.0,13.0,6.0,6.0,3.0
28/10/2023 17:30,Wolverhampton Wanderers FC,Newcastle United FC,2,2,43.0,57.0,11.0,13.0,6.0,5.0
29/10/2023 13:00,West Ham United FC,Everton FC,0,1,64.0,36.0,12.0,10.0,2.0,4.0
29/10/2023 14:00,Aston Villa FC,Luton,3,1,70.0,30.0,17.0,7.0,6.0,1.0
29/10/2023 14:00,Brighton & Hove Albion FC,Fulham FC,1,1,71.0,29.0,18.0,10.0,7.0,5.0
29/10/2023 14:00,Liverpool FC,Nottingham Forest FC,3,0,72.0,28.0,21.0,9.0,8.0,1.0
29/10/2023 15:30,Manchester United FC,Manchester City FC,0,3,40.0,60.0,7.0,21.0,3.0,10.0
04/11/2023 12:30,Fulham FC,Manchester United FC,0,1,45.0,55.0,18.0,12.0,3.0,5.0
04/11/2023 15:00,Sheffield Utd,Wolverhampton Wanderers FC,2,1,39.0,61.0,11.0,10.0,2.0,3.0
04/11/2023 15:00,Manchester City FC,AFC Bournemouth,6,1,65.0,35.0,21.0,5.0,8.0,1.0
04/11/2023 15:00,Brentford FC,West Ham United FC,3,2,58.0,42.0,16.0,12.0,4.0,2.0
04/11/2023 15:00,Burnley FC,Crystal Palace FC,0,2,67.0,33.0,17.0,4.0,5.0,3.0
04/11/2023 15:00,Everton FC,Brighton & Hove Albion FC,1,1,21.0,79.0,10.0,7.0,4.0,2.0
04/11/2023 17:30,Newcastle United FC,Arsenal FC,1,0,42.0,58.0,9.0,14.0,2.0,1.0
05/11/2023 14:00,Nottingham Forest FC,Aston Villa FC,2,0,27.0,73.0,5.0,13.0,3.0,3.0
05/11/2023 16:30,Luton,Liverpool FC,1,1,27.0,73.0,8.0,24.0,5.0,6.0
06/11/2023 20:00,Tottenham Hotspur FC,Chelsea FC,1,4,40.0,60.0,8.0,17.0,5.0,8.0
11/11/2023 12:30,Wolverhampton Wanderers FC,Tottenham Hotspur FC,2,1,42.0,58.0,17.0,6.0,4.0,2.0
11/11/2023 15:00,Arsenal FC,Burnley FC,3,1,63.0,37.0,16.0,8.0,6.0,5.0
11/11/2023 15:00,Crystal Palace FC,Everton FC,2,3,67.0,33.0,13.0,8.0,4.0,4.0
11/11/2023 15:00,Manchester United FC,Luton,1,0,64.0,36.0,15.0,10.0,4.0,4.0
11/11/2023 17:30,AFC Bournemouth,Newcastle United FC,2,0,48.0,52.0,19.0,8.0,10.0,5.0
12/11/2023 14:00,Aston Villa FC,Fulham FC,3,1,51.0,49.0,12.0,9.0,6.0,5.0
12/11/2023 14:00,Brighton & Hove Albion FC,Sheffield Utd,1,1,61.0,39.0,11.0,9.0,6.0,1.0
12/11/2023 14:00,Liverpool FC,Brentford FC,3,0,58.0,42.0,17.0,16.0,10.0,3.0
12/11/2023 14:00,West Ham United FC,Nottingham Forest FC,3,2,54.0,46.0,16.0,10.0,6.0,5.0
12/11/2023 16:30,Chelsea FC,Manchester City FC,4,4,45.0,55.0,17.0,15.0,9.0,10.0
25/11/2023 12:30,Manchester City FC,Liverpool FC,1,1,59.0,41.0,16.0,8.0,5.0,3.0
25/11/2023 15:00,Nottingham Forest FC,Brighton & Hove Albion FC,2,3,47.0,53.0,18.0,11.0,5.0,5.0
25/11/2023 15:00,Newcastle United FC,Chelsea FC,4,1,54.0,46.0,14.0,7.0,5.0,4.0
25/11/2023 15:00,Sheffield Utd,AFC Bournemouth,1,3,46.0,54.0,10.0,23.0,2.0,11.0
25/11/2023 15:00,Burnley FC,West Ham United FC,1,2,50.0,50.0,11.0,11.0,5.0,3.0
25/11/2023 15:00,Luton,Crystal Palace FC,2,1,39.0,61.0,8.0,16.0,3.0,8.0
25/11/2023 17:30,Brentford FC,Arsenal FC,0,1,37.0,63.0,9.0,15.0,3.0,4.0
26/11/2023 14:00,Tottenham Hotspur FC,Aston Villa FC,1,2,62.0,38.0,18.0,15.0,8.0,5.0
26/11/2023 16:30,Everton FC,Manchester United FC,0,3,51.0,49.0,24.0,9.0,6.0,4.0
27/11/2023 20:00,Fulham FC,Wolverhampton Wanderers FC,3,2,60.0,40.0,12.0,10.0,6.0,6.0
02/12/2023 15:00,Arsenal FC,Wolverhampton Wanderers FC,2,1,57.0,43.0,19.0,6.0,6.0,3.0
02/12/2023 15:00,Brentford FC,Luton,3,1,68.0,32.0,27.0,7.0,6.0,1.0
02/12/2023 15:00,Burnley FC,Sheffield Utd,5,0,63.0,37.0,19.0,6.0,7.0,3.0
02/12/2023 17:30,Nottingham Forest FC,Everton FC,0,1,61.0,39.0,13.0,12.0,2.0,3.0
02/12/2023 20:00,Newcastle United FC,Manchester United FC,1,0,58.0,42.0,22.0,8.0,4.0,1.0
03/12/2023 14:00,West Ham United FC,Crystal Palace FC,1,1,55.0,45.0,9.0,9.0,3.0,2.0
03/12/2023 14:00,Liverpool FC,Fulham FC,4,3,61.0,39.0,26.0,9.0,12.0,5.0
03/12/2023 14:00,Chelsea FC,Brighton & Hove Albion FC,3,2,32.0,68.0,8.0,18.0,5.0,9.0
03/12/2023 14:00,AFC Bournemouth,Aston Villa FC,2,2,38.0,62.0,15.0,11.0,7.0,3.0
03/12/2023 16:30,Manchester City FC,Tottenham Hotspur FC,3,3,55.0,45.0,18.0,8.0,4.0,4.0
05/12/2023 19:30,Wolverhampton Wanderers FC,Burnley FC,1,0,51.0,49.0,7.0,12.0,4.0,3.0
05/12/2023 20:15,Luton,Arsenal FC,3,4,34.0,66.0,6.0,23.0,4.0,9.0
06/12/2023 19:30,Crystal Palace FC,AFC Bournemouth,0,2,59.0,41.0,16.0,11.0,3.0,4.0
06/12/2023 19:30,Brighton & Hove Albion FC,Brentford FC,2,1,61.0,39.0,18.0,8.0,7.0,2.0
06/12/2023 19:30,Fulham FC,Nottingham Forest FC,5,0,63.0,37.0,14.0,4.0,6.0,1.0
06/12/2023 19:30,Sheffield Utd,Liverpool FC,0,2,25.0,75.0,6.0,15.0,1.0,8.0
06/12/2023 20:15,Manchester United FC,Chelsea FC,2,1,45.0,55.0,28.0,13.0,9.0,3.0
06/12/2023 20:15,Aston Villa FC,Manchester City FC,1,0,46.0,54.0,22.0,2.0,7.0,2.0
07/12/2023 19:30,Everton FC,Newcastle United FC,3,0,38.0,62.0,21.0,13.0,6.0,3.0
07/12/2023 20:15,Tottenham Hotspur FC,West Ham United FC,1,2,74.0,26.0,23.0,11.0,7.0,5.0
09/12/2023 12:30,Crystal Palace FC,Liverpool FC,1,2,24.0,76.0,8.0,14.0,4.0,2.0
09/12/2023 15:00,Brighton & Hove Albion FC,Burnley FC,1,1,72.0,28.0,29.0,6.0,11.0,3.0
09/12/2023 15:00,Manchester United FC,AFC Bournemouth,0,3,68.0,32.0,20.0,10.0,3.0,4.0
09/12/2023 15:00,Sheffield Utd,Brentford FC,1,0,41.0,59.0,9.0,10.0,4.0,4.0
09/12/2023 15:00,Wolverhampton Wanderers FC,Nottingham Forest FC,1,1,68.0,32.0,10.0,8.0,4.0,2.0
09/12/2023 17:30,Aston Villa FC,Arsenal FC,1,0,39.0,61.0,10.0,12.0,3.0,5.0
10/12/2023 14:00,Luton,Manchester City FC,1,2,35.0,65.0,4.0,18.0,2.0,6.0
10/12/2023 14:00,Everton FC,Chelsea FC,2,0,29.0,71.0,9.0,16.0,5.0,4.0
10/12/2023 14:00,Fulham FC,West Ham United FC,5,0,63.0,37.0,14.0,9.0,8.0,5.0
10/12/2023 16:30,Tottenham Hotspur FC,Newcastle United FC,4,1,56.0,44.0,23.0,9.0,12.0,3.0
15/12/2023 20:00,Nottingham Forest FC,Tottenham Hotspur FC,0,2,34.0,66.0,15.0,12.0,1.0,6.0
16/12/2023 15:00,Chelsea FC,Sheffield Utd,2,0,78.0,22.0,15.0,6.0,6.0,1.0
16/12/2023 15:00,Manchester City FC,Crystal Palace FC,2,2,74.0,26.0,19.0,5.0,9.0,2.0
16/12/2023 15:00,Newcastle United FC,Fulham FC,3,0,70.0,30.0,27.0,6.0,10.0,4.0
16/12/2023 17:30,Burnley FC,Everton FC,0,2,61.0,39.0,14.0,9.0,2.0,6.0
17/12/2023 14:00,Brentford FC,Aston Villa FC,1,2,34.0,66.0,4.0,15.0,3.0,5.0
17/12/2023 14:00,West Ham United FC,Wolverhampton Wanderers FC,3,0,45.0,55.0,13.0,14.0,4.0,3.0
17/12/2023 14:00,Arsenal FC,Brighton & Hove Albion FC,2,0,49.0,51.0,26.0,6.0,9.0,1.0
17/12/2023 16:30,Liverpool FC,Manchester United FC,0,0,68.0,32.0,34.0,6.0,8.0,1.0
21/12/2023 20:00,Crystal Palace FC,Brighton & Hove Albion FC,1,1,35.0,65.0,11.0,18.0,3.0,6.0
22/12/2023 20:00,Aston Villa FC,Sheffield Utd,1,1,77.0,23.0,12.0,5.0,4.0,2.0
23/12/2023 12:30,West Ham United FC,Manchester United FC,2,0,35.0,65.0,12.0,11.0,5.0,3.0
23/12/2023 15:00,Tottenham Hotspur FC,Everton FC,2,1,61.0,39.0,13.0,18.0,6.0,8.0
23/12/2023 15:00,Fulham FC,Burnley FC,0,2,66.0,34.0,19.0,7.0,5.0,2.0
23/12/2023 15:00,Luton,Newcastle United FC,1,0,35.0,65.0,16.0,15.0,5.0,2.0
23/12/2023 15:00,Nottingham Forest FC,AFC Bournemouth,2,3,34.0,66.0,11.0,18.0,5.0,7.0
23/12/2023 17:30,Liverpool FC,Arsenal FC,1,1,52.0,48.0,13.0,13.0,3.0,2.0
24/12/2023 13:00,Wolverhampton Wanderers FC,Chelsea FC,2,1,32.0,68.0,14.0,16.0,6.0,5.0
26/12/2023 12:30,Newcastle United FC,Nottingham Forest FC,1,3,62.0,38.0,19.0,15.0,7.0,6.0
26/12/2023 15:00,AFC Bournemouth,Fulham FC,3,0,43.0,57.0,16.0,8.0,4.0,3.0
26/12/2023 15:00,Sheffield Utd,Luton,2,3,51.0,49.0,21.0,12.0,6.0,4.0
26/12/2023 17:30,Burnley FC,Liverpool FC,0,2,32.0,68.0,9.0,19.0,0.0,10.0
26/12/2023 20:00,Manchester United FC,Aston Villa FC,3,2,46.0,54.0,13.0,10.0,7.0,4.0
27/12/2023 19:30,Brentford FC,Wolverhampton Wanderers FC,1,4,60.0,40.0,14.0,11.0,4.0,5.0
27/12/2023 19:30,Chelsea FC,Crystal Palace FC,2,1,63.0,37.0,9.0,13.0,4.0,5.0
27/12/2023 20:15,Everton FC,Manchester City FC,1,3,28.0,72.0,7.0,23.0,2.0,9.0
28/12/2023 19:30,Brighton & Hove Albion FC,Tottenham Hotspur FC,4,2,45.0,55.0,15.0,19.0,9.0,3.0
28/12/2023 20:15,Arsenal FC,West Ham United FC,0,2,73.0,27.0,30.0,6.0,8.0,3.0
30/12/2023 12:30,Luton,Chelsea FC,2,3,52.0,48.0,15.0,12.0,6.0,8.0
30/12/2023 15:00,Aston Villa FC,Burnley FC,3,2,64.0,36.0,19.0,9.0,7.0,5.0
30/12/2023 15:00,Crystal Palace FC,Brentford FC,3,1,46.0,54.0,13.0,9.0,6.0,4.0
30/12/2023 15:00,Manchester City FC,Sheffield Utd,2,0,80.0,20.0,18.0,4.0,4.0,2.0
30/12/2023 15:00,Wolverhampton Wanderers FC,Everton FC,3,0,53.0,47.0,12.0,10.0,6.0,0.0
30/12/2023 17:30,Nottingham Forest FC,Manchester United FC,2,1,44.0,56.0,8.0,10.0,2.0,5.0
31/12/2023 14:00,Tottenham Hotspur FC,AFC Bournemouth,3,1,50.0,50.0,12.0,24.0,6.0,4.0
31/12/2023 14:00,Fulham FC,Arsenal FC,2,1,40.0,60.0,15.0,13.0,4.0,3.0
01/01/2024 20:00,Liverpool FC,Newcastle United FC,4,2,61.0,39.0,34.0,5.0,15.0,3.0
02/01/2024 19:30,West Ham United FC,Brighton & Hove Albion FC,0,0,32.0,68.0,6.0,22.0,2.0,8.0
12/01/2024 19:45,Burnley FC,Luton,1,1,39.0,61.0,13.0,14.0,7.0,5.0
13/01/2024 12:30,Chelsea FC,Fulham FC,1,0,55.0,45.0,17.0,14.0,3.0,4.0
13/01/2024 17:30,Newcastle United FC,Manchester City FC,2,3,28.0,72.0,12.0,27.0,5.0,11.0
14/01/2024 14:00,Everton FC,Aston Villa FC,0,0,32.0,68.0,10.0,16.0,2.0,5.0
14/01/2024 16:30,Manchester United FC,Tottenham Hotspur FC,2,2,37.0,63.0,9.0,16.0,2.0,6.0
20/01/2024 12:30,Arsenal FC,Crystal Palace FC,5,0,60.0,40.0,21.0,12.0,6.0,5.0
20/01/2024 17:30,Brentford FC,Nottingham Forest FC,3,2,48.0,52.0,11.0,12.0,5.0,3.0
21/01/2024 14:00,Sheffield Utd,West Ham United FC,2,2,57.0,43.0,21.0,16.0,6.0,5.0
21/01/2024 16:30,AFC Bournemouth,Liverpool FC,0,4,40.0,60.0,11.0,14.0,1.0,7.0
22/01/2024 19:45,Brighton & Hove Albion FC,Wolverhampton Wanderers FC,0,0,72.0,28.0,11.0,8.0,4.0,3.0
30/01/2024 19:30,Nottingham Forest FC,Arsenal FC,1,2,27.0,73.0,9.0,19.0,3.0,3.0
30/01/2024 19:45,Fulham FC,Everton FC,0,0,70.0,30.0,25.0,21.0,6.0,4.0
30/01/2024 19:45,Luton,Brighton & Hove Albion FC,4,0,41.0,59.0,18.0,9.0,8.0,2.0
30/01/2024 20:00,Crystal Palace FC,Sheffield Utd,3,2,53.0,47.0,12.0,9.0,4.0,5.0
30/01/2024 20:15,Aston Villa FC,Newcastle United FC,1,3,61.0,39.0,12.0,14.0,6.0,5.0
31/01/2024 19:30,Manchester City FC,Burnley FC,3,1,74.0,26.0,14.0,8.0,4.0,3.0
31/01/2024 19:30,Tottenham Hotspur FC,Brentford FC,3,2,67.0,33.0,19.0,9.0,5.0,5.0
31/01/2024 20:15,Liverpool FC,Chelsea FC,4,1,50.0,50.0,28.0,4.0,13.0,3.0
01/02/2024 19:30,West Ham United FC,AFC Bournemouth,1,1,48.0,52.0,9.0,9.0,3.0,4.0
01/02/2024 20:15,Wolverhampton Wanderers FC,Manchester United FC,3,4,53.0,47.0,16.0,21.0,7.0,8.0
03/02/2024 12:30,Everton FC,Tottenham Hotspur FC,2,2,43.0,57.0,14.0,9.0,5.0,6.0
03/02/2024 15:00,Brighton & Hove Albion FC,Crystal Palace FC,4,1,68.0,32.0,13.0,7.0,6.0,5.0
03/02/2024 15:00,Burnley FC,Fulham FC,2,2,44.0,56.0,12.0,15.0,4.0,7.0
03/02/2024 15:00,Newcastle United FC,Luton,4,4,55.0,45.0,19.0,11.0,6.0,8.0
03/02/2024 17:30,Sheffield Utd,Aston Villa FC,0,5,37.0,63.0,10.0,14.0,5.0,10.0
04/02/2024 14:00,Chelsea FC,Wolverhampton Wanderers FC,2,4,64.0,36.0,15.0,14.0,6.0,7.0
04/02/2024 14:00,AFC Bournemouth,Nottingham Forest FC,1,1,45.0,55.0,9.0,8.0,2.0,6.0
04/02/2024 14:00,Manchester United FC,West Ham United FC,3,0,51.0,49.0,12.0,22.0,5.0,3.0
04/02/2024 16:30,Arsenal FC,Liverpool FC,3,1,43.0,57.0,15.0,10.0,7.0,1.0
05/02/2024 20:00,Brentford FC,Manchester City FC,1,3,28.0,72.0,9.0,25.0,3.0,15.0
10/02/2024 12:30,Manchester City FC,Everton FC,2,0,72.0,28.0,19.0,5.0,3.0,1.0
10/02/2024 15:00,Tottenham Hotspur FC,Brighton & Hove Albion FC,2,1,52.0,48.0,16.0,6.0,6.0,3.0
10/02/2024 15:00,Luton,Sheffield Utd,1,3,74.0,26.0,20.0,7.0,5.0,3.0
10/02/2024 15:00,Liverpool FC,Burnley FC,3,1,70.0,30.0,25.0,9.0,10.0,4.0
10/02/2024 15:00,Wolverhampton Wanderers FC,Brentford FC,0,2,71.0,29.0,17.0,9.0,5.0,6.0
10/02/2024 15:00,Fulham FC,AFC Bournemouth,3,1,49.0,51.0,7.0,25.0,6.0,4.0
10/02/2024 17:30,Nottingham Forest FC,Newcastle United FC,2,3,39.0,61.0,13.0,7.0,3.0,5.0
11/02/2024 14:00,West Ham United FC,Arsenal FC,0,6,30.0,70.0,5.0,25.0,1.0,12.0
11/02/2024 16:30,Aston Villa FC,Manchester United FC,1,2,56.0,44.0,23.0,17.0,10.0,5.0
12/02/2024 20:00,Crystal Palace FC,Chelsea FC,1,3,23.0,77.0,13.0,14.0,4.0,5.0
17/02/2024 12:30,Brentford FC,Liverpool FC,1,4,38.0,62.0,15.0,15.0,6.0,8.0
17/02/2024 15:00,Fulham FC,Aston Villa FC,1,2,52.0,48.0,15.0,12.0,4.0,3.0
17/02/2024 15:00,Burnley FC,Arsenal FC,0,5,36.0,64.0,8.0,16.0,0.0,7.0
17/02/2024 15:00,Newcastle United FC,AFC Bournemouth,2,2,62.0,38.0,17.0,12.0,5.0,7.0
17/02/2024 15:00,Nottingham Forest FC,West Ham United FC,2,0,49.0,51.0,19.0,10.0,8.0,3.0
17/02/2024 15:00,Tottenham Hotspur FC,Wolverhampton Wanderers FC,1,2,71.0,29.0,15.0,12.0,4.0,7.0
17/02/2024 17:30,Manchester City FC,Chelsea FC,1,1,70.0,30.0,31.0,9.0,5.0,6.0
18/02/2024 14:00,Sheffield Utd,Brighton & Hove Albion FC,0,5,21.0,79.0,6.0,24.0,1.0,10.0
18/02/2024 16:30,Luton,Manchester United FC,1,2,58.0,42.0,22.0,21.0,4.0,9.0
19/02/2024 20:00,Everton FC,Crystal Palace FC,1,1,61.0,39.0,19.0,10.0,4.0,4.0
20/02/2024 19:30,Manchester City FC,Brentford FC,1,0,70.0,30.0,25.0,6.0,11.0,2.0
21/02/2024 19:30,Liverpool FC,Luton,4,1,60.0,40.0,29.0,12.0,13.0,3.0
24/02/2024 15:00,Crystal Palace FC,Burnley FC,3,0,56.0,44.0,15.0,2.0,6.0,0.0
24/02/2024 15:00,Brighton & Hove Albion FC,Everton FC,1,1,64.0,36.0,23.0,6.0,7.0,3.0
24/02/2024 15:00,Manchester United FC,Fulham FC,1,2,57.0,43.0,21.0,17.0,9.0,5.0
24/02/2024 15:00,Aston Villa FC,Nottingham Forest FC,4,2,58.0,42.0,16.0,10.0,6.0,3.0
24/02/2024 17:30,AFC Bournemouth,Manchester City FC,0,1,38.0,62.0,13.0,15.0,4.0,6.0
24/02/2024 20:00,Arsenal FC,Newcastle United FC,4,1,55.0,45.0,18.0,3.0,8.0,2.0
25/02/2024 13:30,Wolverhampton Wanderers FC,Sheffield Utd,1,0,63.0,37.0,13.0,12.0,2.0,4.0
26/02/2024 20:00,West Ham United FC,Brentford FC,4,2,41.0,59.0,17.0,14.0,6.0,8.0
02/03/2024 15:00,Nottingham Forest FC,Liverpool FC,0,1,31.0,69.0,8.0,22.0,2.0,2.0
02/03/2024 15:00,Tottenham Hotspur FC,Crystal Palace FC,3,1,78.0,22.0,14.0,4.0,6.0,1.0
02/03/2024 15:00,Newcastle United FC,Wolverhampton Wanderers FC,3,0,44.0,56.0,14.0,12.0,7.0,3.0
02/03/2024 15:00,Fulham FC,Brighton & Hove Albion FC,3,0,30.0,70.0,12.0,15.0,5.0,5.0
02/03/2024 15:00,Brentford FC,Chelsea FC,2,2,33.0,67.0,14.0,17.0,5.0,6.0
02/03/2024 15:00,Everton FC,West Ham United FC,1,3,55.0,45.0,22.0,12.0,11.0,5.0
02/03/2024 17:30,Luton,Aston Villa FC,2,3,46.0,54.0,13.0,12.0,5.0,8.0
03/03/2024 13:00,Burnley FC,AFC Bournemouth,0,2,74.0,26.0,20.0,10.0,6.0,3.0
03/03/2024 15:30,Manchester City FC,Manchester United FC,3,1,73.0,27.0,27.0,3.0,8.0,1.0
04/03/2024 20:00,Sheffield Utd,Arsenal FC,0,6,20.0,80.0,4.0,22.0,0.0,10.0
09/03/2024 12:30,Manchester United FC,Everton FC,2,0,51.0,49.0,15.0,23.0,8.0,6.0
09/03/2024 15:00,AFC Bournemouth,Sheffield Utd,2,2,69.0,31.0,32.0,13.0,12.0,9.0
09/03/2024 15:00,Wolverhampton Wanderers FC,Fulham FC,2,1,48.0,52.0,8.0,23.0,3.0,6.0
09/03/2024 15:00,Crystal Palace FC,Luton,1,1,49.0,51.0,21.0,8.0,4.0,2.0
09/03/2024 17:30,Arsenal FC,Brentford FC,2,1,71.0,29.0,17.0,9.0,6.0,4.0
10/03/2024 13:00,Aston Villa FC,Tottenham Hotspur FC,0,4,32.0,68.0,10.0,9.0,1.0,5.0
10/03/2024 14:00,Brighton & Hove Albion FC,Nottingham Forest FC,1,0,63.0,37.0,10.0,9.0,3.0,4.0
10/03/2024 14:00,West Ham United FC,Burnley FC,2,2,52.0,48.0,22.0,11.0,4.0,4.0
10/03/2024 15:45,Liverpool FC,Manchester City FC,1,1,53.0,47.0,19.0,10.0,6.0,6.0
11/03/2024 20:00,Chelsea FC,Newcastle United FC,3,2,44.0,56.0,12.0,11.0,8.0,3.0
13/03/2024 19:30,AFC Bournemouth,Luton,4,3,59.0,41.0,24.0,8.0,10.0,4.0
16/03/2024 15:00,Burnley FC,Brentford FC,2,1,60.0,40.0,17.0,9.0,6.0,5.0
16/03/2024 15:00,Luton,Nottingham Forest FC,1,1,60.0,40.0,10.0,16.0,4.0,6.0
16/03/2024 17:30,Fulham FC,Tottenham Hotspur FC,3,0,43.0,57.0,16.0,14.0,7.0,5.0
17/03/2024 14:00,West Ham United FC,Aston Villa FC,1,1,31.0,69.0,13.0,13.0,5.0,5.0
30/03/2024 12:30,Newcastle United FC,West Ham United FC,4,3,60.0,40.0,24.0,10.0,9.0,4.0
30/03/2024 15:00,Tottenham Hotspur FC,Luton,2,1,70.0,30.0,17.0,7.0,4.0,3.0
30/03/2024 15:00,AFC Bournemouth,Everton FC,2,1,48.0,52.0,11.0,7.0,4.0,3.0
30/03/2024 15:00,Sheffield Utd,Fulham FC,3,3,27.0,73.0,8.0,24.0,4.0,9.0
30/03/2024 15:00,Nottingham Forest FC,Crystal Palace FC,1,1,59.0,41.0,12.0,10.0,5.0,3.0
30/03/2024 15:00,Chelsea FC,Burnley FC,2,2,69.0,31.0,33.0,18.0,13.0,7.0
30/03/2024 19:30,Aston Villa FC,Wolverhampton Wanderers FC,2,0,48.0,52.0,11.0,13.0,5.0,3.0
30/03/2024 20:00,Brentford FC,Manchester United FC,1,1,47.0,53.0,31.0,11.0,5.0,5.0
31/03/2024 14:00,Liverpool FC,Brighton & Hove Albion FC,2,1,55.0,45.0,30.0,9.0,8.0,3.0
31/03/2024 16:30,Manchester City FC,Arsenal FC,0,0,72.0,28.0,12.0,6.0,1.0,2.0
02/04/2024 19:30,Newcastle United FC,Everton FC,1,1,57.0,43.0,18.0,10.0,6.0,3.0
02/04/2024 19:30,Nottingham Forest FC,Fulham FC,3,1,34.0,66.0,16.0,18.0,4.0,3.0
02/04/2024 19:45,AFC Bournemouth,Crystal Palace FC,1,0,50.0,50.0,11.0,3.0,6.0,2.0
02/04/2024 19:45,Burnley FC,Wolverhampton Wanderers FC,1,1,51.0,49.0,13.0,8.0,6.0,2.0
02/04/2024 20:15,West Ham United FC,Tottenham Hotspur FC,1,1,33.0,67.0,11.0,13.0,4.0,4.0
03/04/2024 19:30,Brentford FC,Brighton & Hove Albion FC,0,0,34.0,66.0,5.0,24.0,2.0,6.0
03/04/2024 19:30,Arsenal FC,Luton,2,0,58.0,42.0,13.0,5.0,4.0,1.0
03/04/2024 20:15,Manchester City FC,Aston Villa FC,4,1,67.0,33.0,25.0,8.0,11.0,3.0
04/04/2024 19:30,Liverpool FC,Sheffield Utd,3,1,82.0,18.0,29.0,8.0,9.0,3.0
04/04/2024 20:15,Chelsea FC,Manchester United FC,4,3,57.0,43.0,28.0,19.0,10.0,5.0
06/04/2024 12:30,Crystal Palace FC,Manchester City FC,2,4,25.0,75.0,7.0,18.0,4.0,8.0
06/04/2024 15:00,Everton FC,Burnley FC,1,0,38.0,62.0,12.0,6.0,3.0,1.0
06/04/2024 15:00,Aston Villa FC,Brentford FC,3,3,69.0,31.0,11.0,8.0,3.0,3.0
06/04/2024 15:00,Fulham FC,Newcastle United FC,0,1,66.0,34.0,14.0,12.0,4.0,5.0
06/04/2024 15:00,Wolverhampton Wanderers FC,West Ham United FC,1,2,58.0,42.0,14.0,11.0,7.0,4.0
06/04/2024 15:00,Luton,AFC Bournemouth,2,1,55.0,45.0,19.0,8.0,9.0,1.0
06/04/2024 17:30,Brighton & Hove Albion FC,Arsenal FC,0,3,54.0,46.0,10.0,20.0,2.0,7.0
07/04/2024 15:30,Manchester United FC,Liverpool FC,2,2,38.0,62.0,9.0,28.0,5.0,7.0
07/04/2024 17:30,Sheffield Utd,Chelsea FC,2,2,32.0,68.0,11.0,6.0,6.0,3.0
07/04/2024 18:00,Tottenham Hotspur FC,Nottingham Forest FC,3,1,63.0,37.0,17.0,13.0,7.0,6.0
13/04/2024 12:30,Newcastle United FC,Tottenham Hotspur FC,4,0,28.0,72.0,18.0,11.0,5.0,2.0
13/04/2024 15:00,Brentford FC,Sheffield Utd,2,0,53.0,47.0,9.0,8.0,5.0,2.0
13/04/2024 15:00,Burnley FC,Brighton & Hove Albion FC,1,1,44.0,56.0,11.0,20.0,3.0,8.0
13/04/2024 15:00,Nottingham Forest FC,Wolverhampton Wanderers FC,2,2,46.0,54.0,18.0,11.0,9.0,4.0
13/04/2024 15:00,Manchester City FC,Luton,5,1,73.0,27.0,33.0,4.0,13.0,2.0
13/04/2024 17:30,AFC Bournemouth,Manchester United FC,2,2,43.0,57.0,20.0,8.0,5.0,2.0
14/04/2024 14:00,Liverpool FC,Crystal Palace FC,0,1,69.0,31.0,21.0,8.0,6.0,5.0
14/04/2024 14:00,West Ham United FC,Fulham FC,0,2,58.0,42.0,15.0,18.0,4.0,10.0
14/04/2024 16:30,Arsenal FC,Aston Villa FC,0,2,52.0,48.0,18.0,11.0,4.0,2.0
15/04/2024 20:00,Chelsea FC,Everton FC,6,0,58.0,42.0,14.0,10.0,10.0,2.0
20/04/2024 15:00,Sheffield Utd,Burnley FC,1,4,49.0,51.0,18.0,16.0,11.0,9.0
20/04/2024 15:00,Luton,Brentford FC,1,5,53.0,47.0,6.0,21.0,3.0,9.0
20/04/2024 19:30,Wolverhampton Wanderers FC,Arsenal FC,0,2,46.0,54.0,5.0,24.0,3.0,9.0
21/04/2024 13:30,Everton FC,Nottingham Forest FC,2,0,41.0,59.0,7.0,8.0,4.0,3.0
21/04/2024 15:00,Aston Villa FC,AFC Bournemouth,3,1,56.0,44.0,14.0,14.0,4.0,6.0
21/04/2024 15:00,Crystal Palace FC,West Ham United FC,5,2,60.0,40.0,18.0,4.0,7.0,1.0
21/04/2024 16:30,Fulham FC,Liverpool FC,1,3,40.0,60.0,12.0,14.0,5.0,7.0
23/04/2024 20:00,Arsenal FC,Chelsea FC,5,0,45.0,55.0,27.0,7.0,10.0,1.0
24/04/2024 19:45,Wolverhampton Wanderers FC,AFC Bournemouth,0,1,63.0,37.0,15.0,21.0,4.0,6.0
24/04/2024 20:00,Manchester United FC,Sheffield Utd,4,2,71.0,29.0,25.0,10.0,13.0,4.0
24/04/2024 20:00,Everton FC,Liverpool FC,2,0,25.0,75.0,16.0,23.0,6.0,7.0
24/04/2024 20:00,Crystal Palace FC,Newcastle United FC,2,0,47.0,53.0,20.0,7.0,7.0,2.0
25/04/2024 20:00,Brighton & Hove Albion FC,Manchester City FC,0,4,36.0,64.0,7.0,14.0,3.0,6.0
27/04/2024 12:30,West Ham United FC,Liverpool FC,2,2,29.0,71.0,11.0,28.0,8.0,8.0
27/04/2024 15:00,Newcastle United FC,Sheffield Utd,5,1,60.0,40.0,20.0,15.0,7.0,5.0
27/04/2024 15:00,Manchester United FC,Burnley FC,1,1,48.0,52.0,27.0,16.0,10.0,7.0
27/04/2024 15:00,Fulham FC,Crystal Palace FC,1,1,53.0,47.0,9.0,14.0,2.0,4.0
27/04/2024 15:00,Wolverhampton Wanderers FC,Luton,2,1,58.0,42.0,13.0,9.0,5.0,6.0
27/04/2024 17:30,Everton FC,Brentford FC,1,0,48.0,52.0,18.0,10.0,1.0,4.0
27/04/2024 20:00,Aston Villa FC,Chelsea FC,2,2,29.0,71.0,9.0,21.0,4.0,5.0
28/04/2024 14:00,AFC Bournemouth,Brighton & Hove Albion FC,3,0,31.0,69.0,15.0,13.0,6.0,1.0
28/04/2024 14:00,Tottenham Hotspur FC,Arsenal FC,2,3,62.0,38.0,14.0,9.0,2.0,3.0
28/04/2024 16:30,Nottingham Forest FC,Manchester City FC,0,2,34.0,66.0,14.0,11.0,2.0,5.0
02/05/2024 19:30,Chelsea FC,Tottenham Hotspur FC,2,0,37.0,63.0,16.0,19.0,5.0,3.0
03/05/2024 20:00,Luton,Everton FC,1,1,51.0,49.0,18.0,10.0,5.0,3.0
04/05/2024 12:30,Arsenal FC,AFC Bournemouth,3,0,55.0,45.0,25.0,7.0,9.0,2.0
04/05/2024 15:00,Sheffield Utd,Nottingham Forest FC,1,3,54.0,46.0,17.0,15.0,5.0,4.0
04/05/2024 15:00,Burnley FC,Newcastle United FC,1,4,47.0,53.0,17.0,23.0,5.0,11.0
04/05/2024 15:00,Brentford FC,Fulham FC,0,0,54.0,46.0,7.0,15.0,3.0,3.0
04/05/2024 17:30,Manchester City FC,Wolverhampton Wanderers FC,5,1,58.0,42.0,20.0,2.0,12.0,1.0
05/05/2024 14:00,Brighton & Hove Albion FC,Aston Villa FC,1,0,52.0,48.0,15.0,2.0,8.0,1.0
05/05/2024 14:00,Chelsea FC,West Ham United FC,5,0,69.0,31.0,25.0,13.0,14.0,2.0
05/05/2024 16:30,Liverpool FC,Tottenham Hotspur FC,4,2,44.0,56.0,25.0,11.0,13.0,6.0
06/05/2024 20:00,Crystal Palace FC,Manchester United FC,4,0,43.0,57.0,18.0,7.0,10.0,2.0
11/05/2024 12:30,Fulham FC,Manchester City FC,0,4,36.0,64.0,1.0,16.0,1.0,9.0
11/05/2024 15:00,AFC Bournemouth,Brentford FC,1,2,48.0,52.0,13.0,11.0,4.0,5.0
11/05/2024 15:00,Everton FC,Sheffield Utd,1,0,58.0,42.0,15.0,13.0,6.0,1.0
11/05/2024 15:00,Wolverhampton Wanderers FC,Crystal Palace FC,1,3,62.0,38.0,13.0,13.0,7.0,3.0
11/05/2024 15:00,Newcastle United FC,Brighton & Hove Albion FC,1,1,57.0,43.0,18.0,15.0,7.0,4.0
11/05/2024 15:00,West Ham United FC,Luton,3,1,58.0,42.0,24.0,4.0,8.0,1.0
11/05/2024 15:00,Tottenham Hotspur FC,Burnley FC,2,1,63.0,37.0,21.0,7.0,9.0,3.0
11/05/2024 17:30,Nottingham Forest FC,Chelsea FC,2,3,33.0,67.0,20.0,12.0,4.0,5.0
12/05/2024 16:30,Manchester United FC,Arsenal FC,0,1,54.0,46.0,14.0,11.0,2.0,5.0
13/05/2024 20:00,Aston Villa FC,Liverpool FC,3,3,41.0,59.0,19.0,14.0,5.0,7.0
14/05/2024 20:00,Tottenham Hotspur FC,Manchester City FC,0,2,53.0,47.0,10.0,8.0,5.0,5.0
15/05/2024 19:45,Brighton & Hove Albion FC,Chelsea FC,1,2,55.0,45.0,12.0,13.0,2.0,6.0
15/05/2024 20:00,Manchester United FC,Newcastle United FC,3,2,45.0,55.0,17.0,21.0,8.0,8.0
19/05/2024 16:00,Sheffield Utd,Tottenham Hotspur FC,0,3,25.0,75.0,6.0,18.0,1.0,9.0
19/05/2024 16:00,Manchester City FC,West Ham United FC,3,1,71.0,29.0,28.0,3.0,12.0,2.0
19/05/2024 16:00,Liverpool FC,Wolverhampton Wanderers FC,2,0,67.0,33.0,36.0,4.0,14.0,3.0
19/05/2024 16:00,Crystal Palace FC,Aston Villa FC,5,0,54.0,46.0,15.0,8.0,9.0,2.0
19/05/2024 16:00,Luton,Fulham FC,2,4,41.0,59.0,15.0,15.0,6.0,7.0
19/05/2024 16:00,Burnley FC,Nottingham Forest FC,1,2,72.0,28.0,20.0,12.0,3.0,6.0
19/05/2024 16:00,Brighton & Hove Albion FC,Manchester United FC,0,2,55.0,45.0,17.0,11.0,3.0,4.0
19/05/2024 16:00,Brentford FC,Newcastle United FC,2,4,54.0,46.0,10.0,12.0,5.0,7.0
19/05/2024 16:00,Arsenal FC,Everton FC,2,1,68.0,32.0,26.0,5.0,5.0,2.0
19/05/2024 16:00,Chelsea FC,AFC Bournemouth,2,1,61.0,39.0,16.0,22.0,6.0,5.0
16/08/2024 20:00,Manchester United FC,Fulham FC,1,0,55.0,45.0,14.0,10.0,5.0,2.0
17/08/2024 12:30,Ipswich,Liverpool FC,0,2,38.0,62.0,7.0,18.0,2.0,5.0
17/08/2024 15:00,Arsenal FC,Wolverhampton Wanderers FC,2,0,53.0,47.0,18.0,9.0,6.0,3.0
17/08/2024 15:00,Everton FC,Brighton & Hove Albion FC,0,3,40.0,60.0,9.0,10.0,1.0,5.0
17/08/2024 15:00,Newcastle United FC,Southampton FC,1,0,23.0,77.0,3.0,19.0,1.0,4.0
17/08/2024 15:00,Nottingham Forest FC,AFC Bournemouth,1,1,53.0,47.0,14.0,13.0,8.0,4.0
17/08/2024 17:30,West Ham United FC,Aston Villa FC,1,2,52.0,48.0,14.0,15.0,3.0,3.0
18/08/2024 14:00,Brentford FC,Crystal Palace FC,2,1,46.0,54.0,9.0,14.0,5.0,6.0
18/08/2024 16:30,Chelsea FC,Manchester City FC,0,2,48.0,52.0,10.0,11.0,3.0,5.0
19/08/2024 20:00,Leicester,Tottenham Hotspur FC,1,1,30.0,70.0,7.0,15.0,3.0,7.0
24/08/2024 12:30,Brighton & Hove Albion FC,Manchester United FC,2,1,48.0,52.0,14.0,11.0,5.0,4.0
24/08/2024 15:00,Crystal Palace FC,West Ham United FC,0,2,58.0,42.0,14.0,18.0,2.0,3.0
24/08/2024 15:00,Fulham FC,Leicester,2,1,54.0,46.0,18.0,10.0,6.0,4.0
24/08/2024 15:00,Manchester City FC,Ipswich,4,1,75.0,25.0,14.0,1.0,5.0,1.0
24/08/2024 15:00,Southampton FC,Nottingham Forest FC,0,1,64.0,36.0,5.0,23.0,1.0,8.0
24/08/2024 15:00,Tottenham Hotspur FC,Everton FC,4,0,70.0,30.0,13.0,10.0,7.0,1.0
24/08/2024 17:30,Aston Villa FC,Arsenal FC,0,2,40.0,60.0,11.0,9.0,3.0,4.0
25/08/2024 14:00,AFC Bournemouth,Newcastle United FC,1,1,39.0,61.0,16.0,14.0,4.0,5.0
25/08/2024 14:00,Wolverhampton Wanderers FC,Chelsea FC,2,6,40.0,60.0,12.0,14.0,4.0,8.0
25/08/2024 16:30,Liverpool FC,Brentford FC,2,0,62.0,38.0,19.0,8.0,8.0,2.0
31/08/2024 12:30,Arsenal FC,Brighton & Hove Albion FC,1,1,36.0,64.0,11.0,22.0,7.0,4.0
31/08/2024 15:00,Nottingham Forest FC,Wolverhampton Wanderers FC,1,1,52.0,48.0,16.0,11.0,5.0,3.0
31/08/2024 15:00,Leicester,Aston Villa FC,1,2,57.0,43.0,9.0,10.0,3.0,5.0
31/08/2024 15:00,Brentford FC,Southampton FC,3,1,37.0,63.0,20.0,18.0,7.0,6.0
31/08/2024 15:00,Everton FC,AFC Bournemouth,2,3,47.0,53.0,18.0,17.0,8.0,7.0
31/08/2024 15:00,Ipswich,Fulham FC,1,1,48.0,52.0,11.0,9.0,4.0,4.0
31/08/2024 17:30,West Ham United FC,Manchester City FC,1,3,33.0,67.0,10.0,23.0,2.0,8.0
01/09/2024 13:30,Chelsea FC,Crystal Palace FC,1,1,62.0,38.0,13.0,9.0,7.0,3.0
01/09/2024 13:30,Newcastle United FC,Tottenham Hotspur FC,2,1,35.0,65.0,9.0,20.0,3.0,6.0
01/09/2024 16:00,Manchester United FC,Liverpool FC,0,3,53.0,47.0,8.0,11.0,3.0,3.0
14/09/2024 12:30,Southampton FC,Manchester United FC,0,3,44.0,56.0,6.0,20.0,4.0,10.0
14/09/2024 15:00,Manchester City FC,Brentford FC,2,1,54.0,46.0,18.0,8.0,7.0,5.0
14/09/2024 15:00,Liverpool FC,Nottingham Forest FC,0,1,68.0,32.0,14.0,5.0,5.0,3.0
14/09/2024 15:00,Fulham FC,West Ham United FC,1,1,54.0,46.0,21.0,11.0,5.0,3.0
14/09/2024 15:00,Crystal Palace FC,Leicester,2,2,66.0,34.0,20.0,9.0,4.0,4.0
14/09/2024 15:00,Brighton & Hove Albion FC,Ipswich,0,0,68.0,32.0,21.0,6.0,6.0,1.0
14/09/2024 17:30,Aston Villa FC,Everton FC,3,2,72.0,28.0,17.0,6.0,8.0,2.0
14/09/2024 20:00,AFC Bournemouth,Chelsea FC,0,1,34.0,66.0,19.0,10.0,7.0,3.0
15/09/2024 14:00,Tottenham Hotspur FC,Arsenal FC,0,1,63.0,37.0,15.0,7.0,5.0,4.0
15/09/2024 16:30,Wolverhampton Wanderers FC,Newcastle United FC,1,2,49.0,51.0,12.0,14.0,5.0,6.0
21/09/2024 12:30,West Ham United FC,Chelsea FC,0,3,53.0,47.0,15.0,12.0,7.0,5.0
21/09/2024 15:00,Tottenham Hotspur FC,Brentford FC,3,1,48.0,52.0,23.0,6.0,10.0,6.0
21/09/2024 15:00,Southampton FC,Ipswich,1,1,53.0,47.0,11.0,13.0,3.0,6.0
21/09/2024 15:00,Liverpool FC,AFC Bournemouth,3,0,58.0,42.0,19.0,19.0,13.0,6.0
21/09/2024 15:00,Leicester,Everton FC,1,1,58.0,42.0,12.0,16.0,2.0,5.0
21/09/2024 15:00,Fulham FC,Newcastle United FC,3,1,39.0,61.0,22.0,15.0,11.0,4.0
21/09/2024 15:00,Aston Villa FC,Wolverhampton Wanderers FC,3,1,53.0,47.0,9.0,10.0,4.0,4.0
21/09/2024 17:30,Crystal Palace FC,Manchester United FC,0,0,33.0,67.0,9.0,15.0,4.0,6.0
22/09/2024 14:00,Brighton & Hove Albion FC,Nottingham Forest FC,2,2,70.0,30.0,14.0,4.0,3.0,3.0
22/09/2024 16:30,Manchester City FC,Arsenal FC,2,2,77.0,23.0,33.0,5.0,11.0,3.0
28/09/2024 12:30,Newcastle United FC,Manchester City FC,1,1,38.0,62.0,11.0,16.0,4.0,6.0
28/09/2024 15:00,Everton FC,Crystal Palace FC,2,1,41.0,59.0,8.0,17.0,2.0,5.0
28/09/2024 15:00,Chelsea FC,Brighton & Hove Albion FC,4,2,41.0,59.0,15.0,15.0,7.0,5.0
28/09/2024 15:00,Nottingham Forest FC,Fulham FC,0,1,41.0,59.0,11.0,14.0,1.0,2.0
28/09/2024 15:00,Arsenal FC,Leicester,4,2,74.0,26.0,36.0,5.0,16.0,3.0
28/09/2024 15:00,Brentford FC,West Ham United FC,1,1,57.0,43.0,8.0,19.0,3.0,3.0
28/09/2024 17:30,Wolverhampton Wanderers FC,Liverpool FC,1,2,45.0,55.0,8.0,10.0,3.0,6.0
29/09/2024 14:00,Ipswich,Aston Villa FC,2,2,44.0,56.0,15.0,7.0,5.0,3.0
29/09/2024 16:30,Manchester United FC,Tottenham Hotspur FC,0,3,39.0,61.0,11.0,24.0,2.0,10.0
30/09/2024 20:00,AFC Bournemouth,Southampton FC,3,1,40.0,60.0,14.0,9.0,6.0,3.0
05/10/2024 12:30,Crystal Palace FC,Liverpool FC,0,1,32.0,68.0,9.0,16.0,5.0,4.0
05/10/2024 15:00,Manchester City FC,Fulham FC,3,2,58.0,42.0,20.0,11.0,7.0,4.0
05/10/2024 15:00,Leicester,AFC Bournemouth,1,0,45.0,55.0,6.0,17.0,2.0,2.0
05/10/2024 15:00,West Ham United FC,Ipswich,4,1,52.0,48.0,23.0,9.0,13.0,2.0
05/10/2024 15:00,Arsenal FC,Southampton FC,3,1,59.0,41.0,29.0,8.0,6.0,2.0
05/10/2024 15:00,Brentford FC,Wolverhampton Wanderers FC,5,3,44.0,56.0,19.0,17.0,12.0,6.0
05/10/2024 17:30,Everton FC,Newcastle United FC,0,0,33.0,67.0,8.0,14.0,2.0,3.0
06/10/2024 14:00,Aston Villa FC,Manchester United FC,0,0,53.0,47.0,11.0,10.0,1.0,4.0
06/10/2024 14:00,Chelsea FC,Nottingham Forest FC,1,1,65.0,35.0,22.0,16.0,8.0,9.0
06/10/2024 16:30,Brighton & Hove Albion FC,Tottenham Hotspur FC,3,2,41.0,59.0,11.0,13.0,4.0,3.0
19/10/2024 12:30,Tottenham Hotspur FC,West Ham United FC,4,1,57.0,43.0,22.0,11.0,7.0,4.0
19/10/2024 15:00,Fulham FC,Aston Villa FC,1,3,52.0,48.0,10.0,14.0,4.0,5.0
19/10/2024 15:00,Manchester United FC,Brentford FC,2,1,50.0,50.0,23.0,8.0,11.0,2.0
19/10/2024 15:00,Newcastle United FC,Brighton & Hove Albion FC,0,1,60.0,40.0,21.0,10.0,6.0,5.0
19/10/2024 15:00,Southampton FC,Leicester,2,3,42.0,58.0,14.0,18.0,7.0,4.0
19/10/2024 15:15,Ipswich,Everton FC,0,2,55.0,45.0,13.0,11.0,2.0,8.0
19/10/2024 17:30,AFC Bournemouth,Arsenal FC,2,0,49.0,51.0,13.0,6.0,4.0,1.0
20/10/2024 14:00,Wolverhampton Wanderers FC,Manchester City FC,1,2,23.0,77.0,3.0,22.0,2.0,7.0
20/10/2024 16:30,Liverpool FC,Chelsea FC,2,1,43.0,57.0,9.0,12.0,5.0,2.0
21/10/2024 20:00,Nottingham Forest FC,Crystal Palace FC,1,0,51.0,49.0,20.0,20.0,6.0,7.0
25/10/2024 20:00,Leicester,Nottingham Forest FC,1,3,65.0,35.0,11.0,20.0,1.0,5.0
26/10/2024 15:00,Aston Villa FC,AFC Bournemouth,1,1,57.0,43.0,18.0,11.0,8.0,3.0
26/10/2024 15:00,Brentford FC,Ipswich,4,3,65.0,35.0,20.0,11.0,9.0,5.0
26/10/2024 15:00,Brighton & Hove Albion FC,Wolverhampton Wanderers FC,2,2,51.0,49.0,19.0,14.0,6.0,7.0
26/10/2024 15:00,Manchester City FC,Southampton FC,1,0,57.0,43.0,22.0,5.0,8.0,2.0
26/10/2024 17:30,Everton FC,Fulham FC,1,1,40.0,60.0,10.0,14.0,5.0,3.0
27/10/2024 14:00,Chelsea FC,Newcastle United FC,2,1,50.0,50.0,17.0,11.0,7.0,3.0
27/10/2024 14:00,Crystal Palace FC,Tottenham Hotspur FC,1,0,34.0,66.0,14.0,11.0,6.0,3.0
27/10/2024 14:00,West Ham United FC,Manchester United FC,2,1,42.0,58.0,12.0,18.0,3.0,5.0
27/10/2024 16:30,Arsenal FC,Liverpool FC,2,2,45.0,55.0,9.0,9.0,3.0,4.0
02/11/2024 12:30,Newcastle United FC,Arsenal FC,1,0,37.0,63.0,9.0,10.0,4.0,1.0
02/11/2024 15:00,AFC Bournemouth,Manchester City FC,2,1,36.0,64.0,12.0,18.0,6.0,4.0
02/11/2024 15:00,Ipswich,Leicester,1,1,43.0,57.0,14.0,20.0,2.0,6.0
02/11/2024 15:00,Liverpool FC,Brighton & Hove Albion FC,2,1,49.0,51.0,16.0,13.0,8.0,5.0
02/11/2024 15:00,Nottingham Forest FC,West Ham United FC,3,0,54.0,46.0,19.0,4.0,6.0,2.0
02/11/2024 15:00,Southampton FC,Everton FC,1,0,65.0,35.0,9.0,16.0,2.0,5.0
02/11/2024 17:30,Wolverhampton Wanderers FC,Crystal Palace FC,2,2,57.0,43.0,11.0,19.0,6.0,7.0
03/11/2024 14:00,Tottenham Hotspur FC,Aston Villa FC,4,1,51.0,49.0,16.0,12.0,6.0,1.0
03/11/2024 16:30,Manchester United FC,Chelsea FC,1,1,46.0,54.0,11.0,12.0,4.0,3.0
04/11/2024 20:00,Fulham FC,Brentford FC,2,1,68.0,32.0,26.0,5.0,12.0,2.0
09/11/2024 15:00,Wolverhampton Wanderers FC,Southampton FC,2,0,29.0,71.0,8.0,9.0,4.0,0.0
09/11/2024 15:00,West Ham United FC,Everton FC,0,0,49.0,51.0,11.0,18.0,6.0,4.0
09/11/2024 15:00,Brentford FC,AFC Bournemouth,3,2,51.0,49.0,12.0,15.0,6.0,3.0
09/11/2024 15:00,Crystal Palace FC,Fulham FC,0,2,36.0,64.0,13.0,17.0,5.0,7.0
09/11/2024 17:30,Brighton & Hove Albion FC,Manchester City FC,2,1,40.0,60.0,10.0,15.0,4.0,6.0
09/11/2024 20:00,Liverpool FC,Aston Villa FC,2,0,62.0,38.0,14.0,12.0,5.0,2.0
10/11/2024 14:00,Manchester United FC,Leicester,3,0,51.0,49.0,13.0,6.0,3.0,5.0
10/11/2024 14:00,Nottingham Forest FC,Newcastle United FC,1,3,44.0,56.0,9.0,17.0,3.0,6.0
10/11/2024 14:00,Tottenham Hotspur FC,Ipswich,1,2,66.0,34.0,17.0,8.0,5.0,3.0
10/11/2024 16:30,Chelsea FC,Arsenal FC,1,1,49.0,51.0,17.0,13.0,3.0,3.0
23/11/2024 12:30,Leicester,Chelsea FC,1,2,37.0,63.0,4.0,16.0,1.0,7.0
23/11/2024 15:00,Aston Villa FC,Crystal Palace FC,2,2,69.0,31.0,17.0,13.0,5.0,6.0
23/11/2024 15:00,Fulham FC,Wolverhampton Wanderers FC,1,4,59.0,41.0,10.0,10.0,3.0,5.0
23/11/2024 15:00,Everton FC,Brentford FC,0,0,59.0,41.0,27.0,9.0,5.0,2.0
23/11/2024 15:00,Arsenal FC,Nottingham Forest FC,3,0,66.0,34.0,19.0,7.0,7.0,0.0
23/11/2024 15:00,AFC Bournemouth,Brighton & Hove Albion FC,1,2,55.0,45.0,19.0,6.0,5.0,4.0
23/11/2024 17:30,Manchester City FC,Tottenham Hotspur FC,0,4,58.0,42.0,23.0,9.0,5.0,7.0
24/11/2024 14:00,Southampton FC,Liverpool FC,2,3,38.0,62.0,7.0,27.0,5.0,11.0
24/11/2024 16:30,Ipswich,Manchester United FC,1,1,40.0,60.0,11.0,11.0,6.0,4.0
25/11/2024 20:00,Newcastle United FC,West Ham United FC,0,2,53.0,47.0,18.0,15.0,2.0,6.0
29/11/2024 20:00,Brighton & Hove Albion FC,Southampton FC,1,1,53.0,47.0,22.0,10.0,5.0,2.0
30/11/2024 15:00,Wolverhampton Wanderers FC,AFC Bournemouth,2,4,60.0,40.0,10.0,12.0,3.0,8.0
30/11/2024 15:00,Nottingham Forest FC,Ipswich,1,0,45.0,55.0,12.0,7.0,5.0,3.0
30/11/2024 15:00,Crystal Palace FC,Newcastle United FC,1,1,49.0,51.0,16.0,1.0,4.0,0.0
30/11/2024 15:00,Brentford FC,Leicester,4,1,60.0,40.0,13.0,7.0,6.0,3.0
30/11/2024 17:30,West Ham United FC,Arsenal FC,2,5,40.0,60.0,12.0,16.0,5.0,7.0
01/12/2024 13:30,Chelsea FC,Aston Villa FC,3,0,64.0,36.0,17.0,10.0,8.0,4.0
01/12/2024 13:30,Manchester United FC,Everton FC,4,0,60.0,40.0,11.0,8.0,5.0,2.0
01/12/2024 13:30,Tottenham Hotspur FC,Fulham FC,1,1,51.0,49.0,8.0,14.0,3.0,6.0
01/12/2024 16:00,Liverpool FC,Manchester City FC,2,0,44.0,56.0,18.0,8.0,7.0,2.0
03/12/2024 19:30,Ipswich,Crystal Palace FC,0,1,54.0,46.0,9.0,13.0,2.0,3.0
03/12/2024 20:15,Leicester,West Ham United FC,3,1,39.0,61.0,8.0,31.0,6.0,10.0
04/12/2024 19:30,Southampton FC,Chelsea FC,1,5,45.0,55.0,6.0,26.0,4.0,13.0
04/12/2024 19:30,Newcastle United FC,Liverpool FC,3,3,42.0,58.0,17.0,16.0,6.0,5.0
04/12/2024 19:30,Everton FC,Wolverhampton Wanderers FC,4,0,44.0,56.0,13.0,6.0,4.0,2.0
04/12/2024 19:30,Manchester City FC,Nottingham Forest FC,3,0,66.0,34.0,17.0,12.0,7.0,3.0
04/12/2024 20:15,Arsenal FC,Manchester United FC,2,0,51.0,49.0,14.0,5.0,6.0,2.0
04/12/2024 20:15,Aston Villa FC,Brentford FC,3,1,49.0,51.0,20.0,9.0,10.0,1.0
05/12/2024 19:30,Fulham FC,Brighton & Hove Albion FC,3,1,43.0,57.0,6.0,13.0,2.0,3.0
05/12/2024 20:15,AFC Bournemouth,Tottenham Hotspur FC,1,0,35.0,65.0,21.0,12.0,8.0,4.0
07/12/2024 15:00,Aston Villa FC,Southampton FC,1,0,47.0,53.0,18.0,4.0,5.0,0.0
07/12/2024 15:00,Brentford FC,Newcastle United FC,4,2,43.0,57.0,11.0,16.0,8.0,3.0
07/12/2024 15:00,Crystal Palace FC,Manchester City FC,2,2,32.0,68.0,12.0,12.0,3.0,4.0
07/12/2024 17:30,Manchester United FC,Nottingham Forest FC,2,3,71.0,29.0,17.0,11.0,7.0,3.0
08/12/2024 14:00,Leicester,Brighton & Hove Albion FC,2,2,56.0,44.0,10.0,16.0,3.0,7.0
08/12/2024 14:00,Fulham FC,Arsenal FC,1,1,34.0,66.0,2.0,12.0,2.0,4.0
08/12/2024 14:00,Ipswich,AFC Bournemouth,1,2,44.0,56.0,18.0,22.0,5.0,6.0
08/12/2024 16:30,Tottenham Hotspur FC,Chelsea FC,3,4,39.0,61.0,13.0,17.0,5.0,8.0
09/12/2024 20:00,West Ham United FC,Wolverhampton Wanderers FC,2,1,54.0,46.0,19.0,19.0,4.0,5.0
14/12/2024 15:00,Arsenal FC,Everton FC,0,0,76.0,24.0,13.0,2.0,5.0,0.0
14/12/2024 15:00,Liverpool FC,Fulham FC,2,2,61.0,39.0,16.0,12.0,4.0,3.0
14/12/2024 15:00,Newcastle United FC,Leicester,4,0,59.0,41.0,27.0,4.0,11.0,1.0
14/12/2024 15:00,Wolverhampton Wanderers FC,Ipswich,1,2,54.0,46.0,16.0,10.0,6.0,5.0
14/12/2024 17:30,Nottingham Forest FC,Aston Villa FC,2,1,50.0,50.0,17.0,8.0,6.0,2.0
15/12/2024 14:00,Brighton & Hove Albion FC,Crystal Palace FC,1,3,64.0,36.0,17.0,13.0,5.0,5.0
15/12/2024 16:30,Manchester City FC,Manchester United FC,1,2,52.0,48.0,10.0,10.0,3.0,3.0
15/12/2024 19:00,Chelsea FC,Brentford FC,2,1,62.0,38.0,26.0,9.0,8.0,4.0
15/12/2024 19:00,Southampton FC,Tottenham Hotspur FC,0,5,42.0,58.0,9.0,18.0,3.0,9.0
16/12/2024 20:00,AFC Bournemouth,West Ham United FC,1,1,52.0,48.0,29.0,16.0,9.0,3.0
21/12/2024 12:30,Aston Villa FC,Manchester City FC,2,1,44.0,56.0,11.0,12.0,6.0,6.0
21/12/2024 15:00,West Ham United FC,Brighton & Hove Albion FC,1,1,47.0,53.0,11.0,12.0,4.0,6.0
21/12/2024 15:00,Brentford FC,Nottingham Forest FC,0,2,64.0,36.0,7.0,10.0,3.0,6.0
21/12/2024 15:00,Ipswich,Newcastle United FC,0,4,42.0,58.0,10.0,15.0,2.0,7.0
21/12/2024 17:30,Crystal Palace FC,Arsenal FC,1,5,42.0,58.0,15.0,14.0,6.0,6.0
22/12/2024 14:00,Manchester United FC,AFC Bournemouth,0,3,60.0,40.0,23.0,10.0,7.0,5.0
22/12/2024 14:00,Fulham FC,Southampton FC,0,0,57.0,43.0,16.0,5.0,5.0,1.0
22/12/2024 14:00,Leicester,Wolverhampton Wanderers FC,0,3,54.0,46.0,9.0,8.0,5.0,4.0
22/12/2024 14:00,Everton FC,Chelsea FC,0,0,25.0,75.0,5.0,12.0,4.0,5.0
22/12/2024 16:30,Tottenham Hotspur FC,Liverpool FC,3,6,52.0,48.0,9.0,24.0,5.0,12.0
26/12/2024 12:30,Manchester City FC,Everton FC,1,1,66.0,34.0,24.0,8.0,5.0,3.0
26/12/2024 15:00,Southampton FC,West Ham United FC,0,1,54.0,46.0,18.0,16.0,5.0,2.0
26/12/2024 15:00,AFC Bournemouth,Crystal Palace FC,0,0,52.0,48.0,18.0,10.0,4.0,4.0
26/12/2024 15:00,Chelsea FC,Fulham FC,1,2,47.0,53.0,12.0,14.0,8.0,7.0
26/12/2024 15:00,Newcastle United FC,Aston Villa FC,3,0,62.0,38.0,22.0,4.0,8.0,1.0
26/12/2024 15:00,Nottingham Forest FC,Tottenham Hotspur FC,1,0,30.0,70.0,10.0,13.0,3.0,4.0
26/12/2024 17:30,Wolverhampton Wanderers FC,Manchester United FC,2,0,51.0,49.0,7.0,11.0,4.0,4.0
26/12/2024 20:00,Liverpool FC,Leicester,3,1,68.0,32.0,19.0,4.0,7.0,1.0
27/12/2024 19:30,Brighton & Hove Albion FC,Brentford FC,0,0,57.0,43.0,24.0,8.0,7.0,3.0
27/12/2024 20:15,Arsenal FC,Ipswich,1,0,68.0,32.0,13.0,3.0,5.0,0.0
29/12/2024 14:30,Leicester,Manchester City FC,0,2,53.0,47.0,11.0,14.0,4.0,5.0
29/12/2024 15:00,Crystal Palace FC,Southampton FC,2,1,47.0,53.0,19.0,7.0,10.0,3.0
29/12/2024 15:00,Everton FC,Nottingham Forest FC,0,2,64.0,36.0,13.0,11.0,2.0,7.0
29/12/2024 15:00,Fulham FC,AFC Bournemouth,2,2,52.0,48.0,11.0,16.0,6.0,9.0
29/12/2024 15:00,Tottenham Hotspur FC,Wolverhampton Wanderers FC,2,2,48.0,52.0,13.0,11.0,3.0,3.0
29/12/2024 17:15,West Ham United FC,Liverpool FC,0,5,46.0,54.0,7.0,22.0,0.0,13.0
30/12/2024 19:45,Ipswich,Chelsea FC,2,0,24.0,76.0,9.0,20.0,6.0,5.0
30/12/2024 19:45,Aston Villa FC,Brighton & Hove Albion FC,2,2,59.0,41.0,20.0,13.0,4.0,4.0
30/12/2024 20:00,Manchester United FC,Newcastle United FC,0,2,52.0,48.0,10.0,12.0,0.0,4.0
01/01/2025 17:30,Brentford FC,Arsenal FC,1,3,50.0,50.0,5.0,14.0,2.0,5.0
04/01/2025 12:30,Tottenham Hotspur FC,Newcastle United FC,1,2,56.0,44.0,13.0,14.0,4.0,4.0
04/01/2025 15:00,Aston Villa FC,Leicester,2,1,60.0,40.0,13.0,4.0,5.0,2.0
04/01/2025 15:00,AFC Bournemouth,Everton FC,1,0,58.0,42.0,19.0,9.0,8.0,0.0
04/01/2025 15:00,Crystal Palace FC,Chelsea FC,1,1,39.0,61.0,13.0,15.0,6.0,1.0
04/01/2025 15:00,Manchester City FC,West Ham United FC,4,1,56.0,44.0,10.0,17.0,7.0,4.0
04/01/2025 15:00,Southampton FC,Brentford FC,0,5,50.0,50.0,8.0,20.0,1.0,11.0
04/01/2025 17:30,Brighton & Hove Albion FC,Arsenal FC,1,1,45.0,55.0,11.0,9.0,4.0,3.0
05/01/2025 14:00,Fulham FC,Ipswich,2,2,73.0,27.0,15.0,7.0,4.0,3.0
05/01/2025 16:30,Liverpool FC,Manchester United FC,2,2,53.0,47.0,19.0,13.0,6.0,4.0
06/01/2025 20:00,Wolverhampton Wanderers FC,Nottingham Forest FC,0,3,60.0,40.0,13.0,11.0,6.0,3.0
14/01/2025 19:30,Brentford FC,Manchester City FC,2,2,45.0,55.0,18.0,21.0,6.0,8.0
14/01/2025 19:30,West Ham United FC,Fulham FC,3,2,44.0,56.0,4.0,21.0,3.0,5.0
14/01/2025 19:30,Chelsea FC,AFC Bournemouth,2,2,57.0,43.0,26.0,7.0,10.0,3.0
14/01/2025 20:00,Nottingham Forest FC,Liverpool FC,1,1,30.0,70.0,6.0,23.0,3.0,7.0
15/01/2025 19:30,Newcastle United FC,Wolverhampton Wanderers FC,3,0,60.0,40.0,17.0,13.0,5.0,7.0
15/01/2025 19:30,Everton FC,Aston Villa FC,0,1,50.0,50.0,10.0,11.0,3.0,3.0
15/01/2025 19:30,Leicester,Crystal Palace FC,0,2,57.0,43.0,21.0,9.0,4.0,4.0
15/01/2025 20:00,Arsenal FC,Tottenham Hotspur FC,2,1,53.0,47.0,14.0,10.0,4.0,2.0
16/01/2025 19:30,Ipswich,Brighton & Hove Albion FC,0,2,47.0,53.0,5.0,11.0,3.0,5.0
16/01/2025 20:00,Manchester United FC,Southampton FC,3,1,60.0,40.0,23.0,13.0,9.0,5.0
18/01/2025 12:30,Newcastle United FC,AFC Bournemouth,1,4,56.0,44.0,13.0,19.0,5.0,10.0
18/01/2025 15:00,West Ham United FC,Crystal Palace FC,0,2,53.0,47.0,7.0,12.0,0.0,7.0
18/01/2025 15:00,Leicester,Fulham FC,0,2,40.0,60.0,8.0,17.0,4.0,2.0
18/01/2025 15:00,Brentford FC,Liverpool FC,0,2,40.0,60.0,11.0,37.0,6.0,8.0
18/01/2025 17:30,Arsenal FC,Aston Villa FC,2,2,66.0,34.0,18.0,8.0,6.0,4.0
19/01/2025 14:00,Everton FC,Tottenham Hotspur FC,3,2,36.0,64.0,12.0,11.0,6.0,6.0
19/01/2025 14:00,Manchester United FC,Brighton & Hove Albion FC,1,3,51.0,49.0,10.0,6.0,1.0,3.0
19/01/2025 14:00,Nottingham Forest FC,Southampton FC,3,2,45.0,55.0,14.0,10.0,5.0,4.0
19/01/2025 16:30,Ipswich,Manchester City FC,0,6,33.0,67.0,8.0,17.0,4.0,9.0
20/01/2025 20:00,Chelsea FC,Wolverhampton Wanderers FC,3,1,63.0,37.0,19.0,9.0,7.0,4.0
25/01/2025 15:00,Wolverhampton Wanderers FC,Arsenal FC,0,1,51.0,49.0,9.0,9.0,4.0,3.0
25/01/2025 15:00,Southampton FC,Newcastle United FC,1,3,53.0,47.0,12.0,17.0,5.0,9.0
25/01/2025 15:00,Liverpool FC,Ipswich,4,1,70.0,30.0,16.0,3.0,6.0,3.0
25/01/2025 15:00,Brighton & Hove Albion FC,Everton FC,0,1,69.0,31.0,16.0,3.0,1.0,1.0
25/01/2025 15:00,AFC Bournemouth,Nottingham Forest FC,5,0,50.0,50.0,16.0,18.0,10.0,4.0
25/01/2025 17:30,Manchester City FC,Chelsea FC,3,1,56.0,44.0,15.0,10.0,6.0,4.0
26/01/2025 14:00,Crystal Palace FC,Brentford FC,1,2,47.0,53.0,16.0,13.0,5.0,6.0
26/01/2025 14:00,Tottenham Hotspur FC,Leicester,1,2,61.0,39.0,15.0,12.0,6.0,3.0
26/01/2025 16:30,Aston Villa FC,West Ham United FC,1,1,46.0,54.0,14.0,14.0,4.0,4.0
26/01/2025 19:00,Fulham FC,Manchester United FC,0,1,51.0,49.0,9.0,4.0,3.0,1.0
01/02/2025 12:30,Nottingham Forest FC,Brighton & Hove Albion FC,7,0,38.0,62.0,14.0,10.0,9.0,5.0
01/02/2025 15:00,Newcastle United FC,Fulham FC,1,2,49.0,51.0,11.0,15.0,4.0,4.0
01/02/2025 15:00,Ipswich,Southampton FC,1,2,57.0,43.0,15.0,9.0,6.0,4.0
01/02/2025 15:00,Everton FC,Leicester,4,0,48.0,52.0,13.0,9.0,7.0,1.0
01/02/2025 15:00,AFC Bournemouth,Liverpool FC,0,2,49.0,51.0,14.0,19.0,3.0,7.0
01/02/2025 17:30,Wolverhampton Wanderers FC,Aston Villa FC,2,0,32.0,68.0,8.0,10.0,5.0,3.0
02/02/2025 14:00,Brentford FC,Tottenham Hotspur FC,0,2,54.0,46.0,20.0,13.0,4.0,2.0
02/02/2025 14:00,Manchester United FC,Crystal Palace FC,0,2,66.0,34.0,17.0,11.0,2.0,3.0
02/02/2025 16:30,Arsenal FC,Manchester City FC,5,1,46.0,54.0,12.0,7.0,7.0,4.0
03/02/2025 20:00,Chelsea FC,West Ham United FC,2,1,68.0,32.0,22.0,14.0,3.0,5.0
12/02/2025 19:30,Everton FC,Liverpool FC,2,2,37.0,63.0,10.0,6.0,3.0,4.0
14/02/2025 20:00,Brighton & Hove Albion FC,Chelsea FC,3,0,31.0,69.0,13.0,8.0,5.0,0.0
15/02/2025 12:30,Leicester,Arsenal FC,0,2,40.0,60.0,6.0,11.0,2.0,5.0
15/02/2025 15:00,West Ham United FC,Brentford FC,0,1,58.0,42.0,13.0,14.0,3.0,5.0
15/02/2025 15:00,Southampton FC,AFC Bournemouth,1,3,44.0,56.0,11.0,14.0,4.0,7.0
15/02/2025 15:00,Aston Villa FC,Ipswich,1,1,75.0,25.0,25.0,4.0,6.0,3.0
15/02/2025 15:00,Fulham FC,Nottingham Forest FC,2,1,55.0,45.0,24.0,8.0,10.0,2.0
15/02/2025 15:00,Manchester City FC,Newcastle United FC,4,0,61.0,39.0,11.0,3.0,7.0,1.0
15/02/2025 17:30,Crystal Palace FC,Everton FC,1,2,58.0,42.0,17.0,11.0,6.0,6.0
16/02/2025 14:00,Liverpool FC,Wolverhampton Wanderers FC,2,1,50.0,50.0,10.0,16.0,3.0,4.0
16/02/2025 16:30,Tottenham Hotspur FC,Manchester United FC,1,0,55.0,45.0,22.0,16.0,7.0,6.0
19/02/2025 19:30,Aston Villa FC,Liverpool FC,2,2,52.0,48.0,9.0,17.0,4.0,3.0
21/02/2025 20:00,Leicester,Brentford FC,0,4,48.0,52.0,8.0,14.0,3.0,6.0
22/02/2025 12:30,Everton FC,Manchester United FC,2,2,38.0,62.0,9.0,9.0,8.0,3.0
22/02/2025 15:00,Southampton FC,Brighton & Hove Albion FC,0,4,50.0,50.0,6.0,18.0,1.0,12.0
22/02/2025 15:00,Ipswich,Tottenham Hotspur FC,1,4,42.0,58.0,17.0,10.0,5.0,6.0
22/02/2025 15:00,Fulham FC,Crystal Palace FC,0,2,62.0,38.0,10.0,10.0,0.0,5.0
22/02/2025 15:00,AFC Bournemouth,Wolverhampton Wanderers FC,0,1,46.0,54.0,8.0,13.0,3.0,5.0
22/02/2025 15:00,Arsenal FC,West Ham United FC,0,1,68.0,32.0,20.0,5.0,2.0,2.0
22/02/2025 17:30,Aston Villa FC,Chelsea FC,2,1,52.0,48.0,12.0,15.0,6.0,7.0
23/02/2025 14:00,Newcastle United FC,Nottingham Forest FC,4,3,57.0,43.0,13.0,17.0,5.0,5.0
23/02/2025 16:30,Manchester City FC,Liverpool FC,0,2,66.0,34.0,16.0,8.0,5.0,4.0
25/02/2025 19:30,Brighton & Hove Albion FC,AFC Bournemouth,2,1,44.0,56.0,11.0,19.0,4.0,5.0
25/02/2025 19:30,Wolverhampton Wanderers FC,Fulham FC,1,2,60.0,40.0,18.0,11.0,5.0,5.0
25/02/2025 19:30,Crystal Palace FC,Aston Villa FC,4,1,36.0,64.0,19.0,6.0,6.0,2.0
25/02/2025 20:15,Chelsea FC,Southampton FC,4,0,60.0,40.0,19.0,7.0,10.0,2.0
26/02/2025 19:30,Manchester United FC,Ipswich,3,2,45.0,55.0,10.0,12.0,6.0,3.0
26/02/2025 19:30,Brentford FC,Everton FC,1,1,52.0,48.0,12.0,14.0,3.0,4.0
26/02/2025 19:30,Nottingham Forest FC,Arsenal FC,0,0,36.0,64.0,6.0,13.0,2.0,1.0
26/02/2025 19:30,Tottenham Hotspur FC,Manchester City FC,0,1,55.0,45.0,11.0,12.0,6.0,5.0
26/02/2025 20:15,Liverpool FC,Newcastle United FC,2,0,61.0,39.0,12.0,3.0,3.0,0.0
27/02/2025 20:00,West Ham United FC,Leicester,2,0,58.0,42.0,8.0,10.0,2.0,2.0
08/03/2025 12:30,Nottingham Forest FC,Manchester City FC,1,0,31.0,69.0,9.0,14.0,4.0,3.0
08/03/2025 15:00,Brighton & Hove Albion FC,Fulham FC,2,1,53.0,47.0,9.0,6.0,4.0,1.0
08/03/2025 15:00,Crystal Palace FC,Ipswich,1,0,55.0,45.0,19.0,15.0,4.0,8.0
08/03/2025 15:00,Liverpool FC,Southampton FC,3,1,71.0,29.0,28.0,6.0,7.0,4.0
08/03/2025 17:30,Brentford FC,Aston Villa FC,0,1,59.0,41.0,13.0,12.0,3.0,4.0
08/03/2025 20:00,Wolverhampton Wanderers FC,Everton FC,1,1,66.0,34.0,11.0,12.0,3.0,4.0
09/03/2025 14:00,Chelsea FC,Leicester,1,0,56.0,44.0,20.0,3.0,7.0,3.0
09/03/2025 14:00,Tottenham Hotspur FC,AFC Bournemouth,2,2,61.0,39.0,12.0,17.0,4.0,8.0
09/03/2025 16:30,Manchester United FC,Arsenal FC,1,1,32.0,68.0,10.0,17.0,6.0,6.0
10/03/2025 20:00,West Ham United FC,Newcastle United FC,0,1,51.0,49.0,9.0,9.0,2.0,3.0
15/03/2025 15:00,Everton FC,West Ham United FC,1,1,54.0,46.0,13.0,10.0,5.0,5.0
15/03/2025 15:00,Ipswich,Nottingham Forest FC,2,4,55.0,45.0,11.0,11.0,4.0,6.0
15/03/2025 15:00,Manchester City FC,Brighton & Hove Albion FC,2,2,60.0,40.0,11.0,15.0,3.0,3.0
15/03/2025 15:00,Southampton FC,Wolverhampton Wanderers FC,1,2,60.0,40.0,10.0,5.0,3.0,3.0
15/03/2025 17:30,AFC Bournemouth,Brentford FC,1,2,58.0,42.0,17.0,10.0,5.0,4.0
16/03/2025 13:30,Fulham FC,Tottenham Hotspur FC,2,0,57.0,43.0,13.0,12.0,4.0,4.0
16/03/2025 13:30,Arsenal FC,Chelsea FC,1,0,42.0,58.0,12.0,8.0,4.0,2.0
16/03/2025 19:00,Leicester,Manchester United FC,0,3,53.0,47.0,11.0,18.0,3.0,5.0
01/04/2025 19:45,Arsenal FC,Fulham FC,2,1,51.0,49.0,17.0,9.0,4.0,3.0
01/04/2025 19:45,Wolverhampton Wanderers FC,West Ham United FC,1,0,42.0,58.0,9.0,10.0,2.0,1.0
01/04/2025 20:00,Nottingham Forest FC,Manchester United FC,1,0,32.0,68.0,8.0,23.0,2.0,6.0
02/04/2025 19:45,Newcastle United FC,Brentford FC,2,1,49.0,51.0,21.0,12.0,4.0,3.0
02/04/2025 19:45,AFC Bournemouth,Ipswich,1,2,63.0,37.0,24.0,10.0,7.0,2.0
02/04/2025 19:45,Brighton & Hove Albion FC,Aston Villa FC,0,3,56.0,44.0,11.0,8.0,4.0,5.0
02/04/2025 19:45,Manchester City FC,Leicester,2,0,72.0,28.0,18.0,2.0,5.0,0.0
02/04/2025 19:45,Southampton FC,Crystal Palace FC,1,1,43.0,57.0,8.0,9.0,2.0,3.0
02/04/2025 20:00,Liverpool FC,Everton FC,1,0,73.0,27.0,17.0,5.0,3.0,0.0
03/04/2025 20:00,Chelsea FC,Tottenham Hotspur FC,1,0,51.0,49.0,11.0,8.0,5.0,2.0
05/04/2025 12:30,Everton FC,Arsenal FC,1,1,31.0,69.0,5.0,14.0,2.0,5.0
05/04/2025 15:00,West Ham United FC,AFC Bournemouth,2,2,56.0,44.0,9.0,11.0,3.0,4.0
05/04/2025 15:00,Ipswich,Wolverhampton Wanderers FC,1,2,45.0,55.0,6.0,22.0,2.0,7.0
05/04/2025 15:00,Crystal Palace FC,Brighton & Hove Albion FC,2,1,38.0,62.0,8.0,11.0,3.0,5.0
05/04/2025 17:30,Aston Villa FC,Nottingham Forest FC,2,1,52.0,48.0,17.0,19.0,8.0,3.0
06/04/2025 14:00,Brentford FC,Chelsea FC,0,0,42.0,58.0,9.0,21.0,2.0,5.0
06/04/2025 14:00,Fulham FC,Liverpool FC,3,2,37.0,63.0,12.0,14.0,6.0,6.0
06/04/2025 14:00,Tottenham Hotspur FC,Southampton FC,3,1,51.0,49.0,13.0,12.0,8.0,4.0
06/04/2025 16:30,Manchester United FC,Manchester City FC,0,0,42.0,58.0,13.0,9.0,2.0,5.0
07/04/2025 20:00,Leicester,Newcastle United FC,0,3,58.0,42.0,7.0,16.0,2.0,5.0
12/04/2025 12:30,Manchester City FC,Crystal Palace FC,5,2,67.0,33.0,21.0,8.0,9.0,3.0
12/04/2025 15:00,Brighton & Hove Albion FC,Leicester,2,2,59.0,41.0,21.0,15.0,7.0,6.0
12/04/2025 15:00,Nottingham Forest FC,Everton FC,0,1,43.0,57.0,10.0,13.0,5.0,5.0
12/04/2025 15:00,Southampton FC,Aston Villa FC,0,3,40.0,60.0,7.0,25.0,2.0,10.0
12/04/2025 17:30,Arsenal FC,Brentford FC,1,1,63.0,37.0,14.0,3.0,3.0,2.0
13/04/2025 14:00,Wolverhampton Wanderers FC,Tottenham Hotspur FC,4,2,37.0,63.0,13.0,11.0,5.0,4.0
13/04/2025 14:00,Chelsea FC,Ipswich,2,2,73.0,27.0,34.0,13.0,9.0,4.0
13/04/2025 14:00,Liverpool FC,West Ham United FC,2,1,55.0,45.0,15.0,11.0,6.0,4.0
13/04/2025 16:30,Newcastle United FC,Manchester United FC,4,1,48.0,52.0,13.0,9.0,6.0,5.0
14/04/2025 20:00,AFC Bournemouth,Fulham FC,1,0,41.0,59.0,12.0,12.0,3.0,7.0
16/04/2025 19:30,Newcastle United FC,Crystal Palace FC,5,0,59.0,41.0,14.0,11.0,7.0,4.0
19/04/2025 15:00,Brentford FC,Brighton & Hove Albion FC,4,2,47.0,53.0,16.0,12.0,8.0,3.0
19/04/2025 15:00,Crystal Palace FC,AFC Bournemouth,0,0,29.0,71.0,5.0,15.0,0.0,4.0
19/04/2025 15:00,Everton FC,Manchester City FC,0,2,33.0,67.0,8.0,12.0,3.0,7.0
19/04/2025 15:00,West Ham United FC,Southampton FC,1,1,52.0,48.0,12.0,15.0,4.0,4.0
19/04/2025 17:30,Aston Villa FC,Newcastle United FC,4,1,48.0,52.0,23.0,10.0,9.0,3.0
20/04/2025 14:00,Fulham FC,Chelsea FC,1,2,41.0,59.0,6.0,13.0,1.0,8.0
20/04/2025 14:00,Ipswich,Arsenal FC,0,4,25.0,75.0,4.0,24.0,0.0,7.0
20/04/2025 14:00,Manchester United FC,Wolverhampton Wanderers FC,0,1,59.0,41.0,12.0,4.0,2.0,2.0
20/04/2025 16:30,Leicester,Liverpool FC,0,1,42.0,58.0,5.0,28.0,0.0,10.0
21/04/2025 20:00,Tottenham Hotspur FC,Nottingham Forest FC,1,2,69.0,31.0,22.0,4.0,6.0,3.0
22/04/2025 20:00,Manchester City FC,Aston Villa FC,2,1,61.0,39.0,14.0,7.0,6.0,3.0
23/04/2025 20:00,Arsenal FC,Crystal Palace FC,2,2,67.0,33.0,12.0,15.0,6.0,4.0
26/04/2025 12:30,Chelsea FC,Everton FC,1,0,55.0,45.0,10.0,6.0,7.0,3.0
26/04/2025 15:00,Brighton & Hove Albion FC,West Ham United FC,3,2,53.0,47.0,16.0,12.0,9.0,4.0
26/04/2025 15:00,Newcastle United FC,Ipswich,3,0,77.0,23.0,25.0,4.0,5.0,0.0
26/04/2025 15:00,Southampton FC,Fulham FC,1,2,35.0,65.0,7.0,26.0,3.0,5.0
26/04/2025 15:00,Wolverhampton Wanderers FC,Leicester,3,0,56.0,44.0,20.0,8.0,6.0,2.0
27/04/2025 14:00,AFC Bournemouth,Manchester United FC,1,1,39.0,61.0,8.0,25.0,1.0,6.0
27/04/2025 16:30,Liverpool FC,Tottenham Hotspur FC,5,1,61.0,39.0,25.0,8.0,8.0,3.0
01/05/2025 19:30,Nottingham Forest FC,Brentford FC,0,2,55.0,45.0,14.0,11.0,5.0,3.0
02/05/2025 20:00,Manchester City FC,Wolverhampton Wanderers FC,1,0,63.0,37.0,9.0,6.0,2.0,1.0
03/05/2025 12:30,Aston Villa FC,Fulham FC,1,0,52.0,48.0,10.0,11.0,3.0,3.0
03/05/2025 15:00,Everton FC,Ipswich,2,2,58.0,42.0,8.0,12.0,3.0,5.0
03/05/2025 15:00,Leicester,Southampton FC,2,0,49.0,51.0,14.0,8.0,4.0,2.0
03/05/2025 17:30,Arsenal FC,AFC Bournemouth,1,2,51.0,49.0,13.0,9.0,4.0,2.0
04/05/2025 14:00,West Ham United FC,Tottenham Hotspur FC,1,1,55.0,45.0,11.0,7.0,2.0,2.0
04/05/2025 14:00,Brighton & Hove Albion FC,Newcastle United FC,1,1,45.0,55.0,5.0,13.0,2.0,5.0
04/05/2025 14:00,Brentford FC,Manchester United FC,4,3,47.0,53.0,12.0,14.0,6.0,5.0
04/05/2025 16:30,Chelsea FC,Liverpool FC,3,1,36.0,64.0,17.0,11.0,7.0,2.0
05/05/2025 20:00,Crystal Palace FC,Nottingham Forest FC,1,1,50.0,50.0,20.0,12.0,3.0,4.0
10/05/2025 15:00,Fulham FC,Everton FC,1,3,64.0,36.0,18.0,11.0,6.0,7.0
10/05/2025 15:00,Ipswich,Brentford FC,0,1,49.0,51.0,11.0,15.0,4.0,5.0
10/05/2025 15:00,Southampton FC,Manchester City FC,0,0,28.0,72.0,2.0,26.0,0.0,4.0
10/05/2025 15:00,Wolverhampton Wanderers FC,Brighton & Hove Albion FC,0,2,56.0,44.0,10.0,6.0,3.0,1.0
10/05/2025 17:30,AFC Bournemouth,Aston Villa FC,0,1,66.0,34.0,10.0,6.0,4.0,3.0
11/05/2025 12:00,Newcastle United FC,Chelsea FC,2,0,45.0,55.0,15.0,10.0,6.0,3.0
11/05/2025 14:15,Manchester United FC,West Ham United FC,0,2,52.0,48.0,20.0,9.0,5.0,4.0
11/05/2025 14:15,Nottingham Forest FC,Leicester,2,2,55.0,45.0,15.0,10.0,4.0,6.0
11/05/2025 14:15,Tottenham Hotspur FC,Crystal Palace FC,0,2,48.0,52.0,8.0,23.0,1.0,9.0
11/05/2025 16:30,Liverpool FC,Arsenal FC,2,2,45.0,55.0,14.0,15.0,5.0,6.0
16/05/2025 19:30,Aston Villa FC,Tottenham Hotspur FC,2,0,67.0,33.0,18.0,3.0,7.0,1.0
16/05/2025 20:15,Chelsea FC,Manchester United FC,1,0,47.0,53.0,11.0,4.0,3.0,1.0
18/05/2025 12:00,Everton FC,Southampton FC,2,0,50.0,50.0,13.0,6.0,4.0,2.0
18/05/2025 14:15,West Ham United FC,Nottingham Forest FC,1,2,60.0,40.0,16.0,10.0,5.0,5.0
18/05/2025 15:00,Leicester,Ipswich,2,0,50.0,50.0,9.0,20.0,3.0,2.0
18/05/2025 15:00,Brentford FC,Fulham FC,2,3,51.0,49.0,10.0,16.0,4.0,7.0
18/05/2025 16:30,Arsenal FC,Newcastle United FC,1,0,51.0,49.0,12.0,14.0,4.0,5.0
19/05/2025 20:00,Brighton & Hove Albion FC,Liverpool FC,3,2,49.0,51.0,25.0,18.0,12.0,5.0
20/05/2025 20:00,Crystal Palace FC,Wolverhampton Wanderers FC,4,2,31.0,69.0,14.0,12.0,10.0,3.0
20/05/2025 20:00,Manchester City FC,AFC Bournemouth,3,1,57.0,43.0,12.0,8.0,5.0,2.0
25/05/2025 16:00,Nottingham Forest FC,Chelsea FC,0,1,52.0,48.0,10.0,6.0,2.0,2.0
25/05/2025 16:00,Wolverhampton Wanderers FC,Brentford FC,1,1,49.0,51.0,18.0,13.0,6.0,7.0
25/05/2025 16:00,Tottenham Hotspur FC,Brighton & Hove Albion FC,1,4,34.0,66.0,3.0,22.0,1.0,7.0
25/05/2025 16:00,Southampton FC,Arsenal FC,1,2,38.0,62.0,7.0,23.0,2.0,7.0
25/05/2025 16:00,Newcastle United FC,Everton FC,0,1,65.0,35.0,17.0,14.0,6.0,6.0
25/05/2025 16:00,Liverpool FC,Crystal Palace FC,1,1,69.0,31.0,14.0,8.0,3.0,5.0
25/05/2025 16:00,Ipswich,West Ham United FC,1,3,42.0,58.0,14.0,10.0,4.0,6.0
25/05/2025 16:00,Fulham FC,Manchester City FC,0,2,47.0,53.0,13.0,19.0,3.0,4.0
25/05/2025 16:00,AFC Bournemouth,Leicester,2,0,63.0,37.0,20.0,3.0,7.0,0.0
25/05/2025 16:00,Manchester United FC,Aston Villa FC,2,0,67.0,33.0,25.0,6.0,9.0,1.0
15/08/2025 20:00,Liverpool FC,AFC Bournemouth,4,2,61.0,39.0,19.0,10.0,10.0,3.0
16/08/2025 12:30,Aston Villa FC,Newcastle United FC,0,0,40.0,60.0,3.0,16.0,3.0,3.0
16/08/2025 15:00,Brighton & Hove Albion FC,Fulham FC,1,1,50.0,50.0,10.0,7.0,4.0,2.0
16/08/2025 15:00,Sunderland AFC,West Ham United FC,3,0,37.0,63.0,10.0,12.0,5.0,4.0
16/08/2025 15:00,Tottenham Hotspur FC,Burnley FC,3,0,67.0,33.0,16.0,14.0,6.0,4.0
16/08/2025 17:30,Wolverhampton Wanderers FC,Manchester City FC,0,4,42.0,58.0,9.0,15.0,3.0,4.0
17/08/2025 14:00,Nottingham Forest FC,Brentford FC,3,1,54.0,46.0,11.0,10.0,5.0,3.0
17/08/2025 14:00,Chelsea FC,Crystal Palace FC,0,0,72.0,28.0,19.0,11.0,3.0,4.0
17/08/2025 16:30,Manchester United FC,Arsenal FC,0,1,61.0,39.0,22.0,9.0,7.0,3.0
18/08/2025 20:00,Leeds United FC,Everton FC,1,0,54.0,46.0,21.0,7.0,3.0,1.0
22/08/2025 20:00,West Ham United FC,Chelsea FC,1,5,41.0,59.0,12.0,12.0,4.0,7.0
23/08/2025 12:30,Manchester City FC,Tottenham Hotspur FC,0,2,61.0,39.0,10.0,12.0,4.0,5.0
23/08/2025 15:00,AFC Bournemouth,Wolverhampton Wanderers FC,1,0,59.0,41.0,14.0,6.0,4.0,1.0
23/08/2025 15:00,Brentford FC,Aston Villa FC,1,0,24.0,76.0,9.0,17.0,2.0,2.0
23/08/2025 15:00,Burnley FC,Sunderland AFC,2,0,42.0,58.0,7.0,9.0,2.0,1.0
23/08/2025 17:30,Arsenal FC,Leeds United FC,5,0,68.0,32.0,18.0,3.0,5.0,1.0
24/08/2025 14:00,Crystal Palace FC,Nottingham Forest FC,1,1,42.0,58.0,8.0,9.0,4.0,1.0
24/08/2025 14:00,Everton FC,Brighton & Hove Albion FC,2,0,42.0,58.0,11.0,13.0,3.0,4.0
24/08/2025 16:30,Fulham FC,Manchester United FC,1,1,52.0,48.0,13.0,10.0,4.0,3.0
25/08/2025 20:00,Newcastle United FC,Liverpool FC,2,3,38.0,62.0,10.0,5.0,3.0,4.0
30/08/2025 12:30,Chelsea FC,Fulham FC,2,0,54.0,46.0,13.0,11.0,6.0,3.0
30/08/2025 15:00,Manchester United FC,Burnley FC,3,2,62.0,38.0,26.0,6.0,6.0,3.0
30/08/2025 15:00,Sunderland AFC,Brentford FC,2,1,54.0,46.0,12.0,7.0,3.0,4.0
30/08/2025 15:00,Tottenham Hotspur FC,AFC Bournemouth,0,1,61.0,39.0,5.0,20.0,1.0,6.0
30/08/2025 15:00,Wolverhampton Wanderers FC,Everton FC,2,3,58.0,42.0,12.0,10.0,4.0,4.0
30/08/2025 17:30,Leeds United FC,Newcastle United FC,0,0,43.0,57.0,10.0,8.0,1.0,2.0
31/08/2025 14:00,Brighton & Hove Albion FC,Manchester City FC,2,1,36.0,64.0,12.0,12.0,7.0,3.0
31/08/2025 14:00,Nottingham Forest FC,West Ham United FC,0,3,58.0,42.0,11.0,12.0,3.0,8.0
31/08/2025 16:30,Liverpool FC,Arsenal FC,1,0,53.0,47.0,9.0,11.0,3.0,1.0
31/08/2025 19:00,Aston Villa FC,Crystal Palace FC,0,3,58.0,42.0,13.0,6.0,4.0,4.0
13/09/2025 12:30,Arsenal FC,Nottingham Forest FC,3,0,54.0,46.0,16.0,5.0,5.0,1.0
13/09/2025 15:00,AFC Bournemouth,Brighton & Hove Albion FC,2,1,51.0,49.0,13.0,6.0,5.0,2.0
13/09/2025 15:00,Crystal Palace FC,Sunderland AFC,0,0,56.0,44.0,14.0,6.0,6.0,0.0
13/09/2025 15:00,Everton FC,Aston Villa FC,0,0,48.0,52.0,20.0,7.0,2.0,1.0
13/09/2025 15:00,Fulham FC,Leeds United FC,1,0,54.0,46.0,5.0,10.0,3.0,3.0
13/09/2025 15:00,Newcastle United FC,Wolverhampton Wanderers FC,1,0,57.0,43.0,16.0,8.0,4.0,3.0
13/09/2025 17:30,West Ham United FC,Tottenham Hotspur FC,0,3,36.0,64.0,7.0,14.0,4.0,5.0
13/09/2025 20:00,Brentford FC,Chelsea FC,2,2,34.0,66.0,7.0,16.0,4.0,6.0
14/09/2025 14:00,Burnley FC,Liverpool FC,0,1,19.0,81.0,3.0,27.0,0.0,4.0
14/09/2025 16:30,Manchester City FC,Manchester United FC,3,0,45.0,55.0,13.0,12.0,6.0,2.0
20/09/2025 12:30,Liverpool FC,Everton FC,2,1,57.0,43.0,11.0,9.0,3.0,2.0
20/09/2025 15:00,Brighton & Hove Albion FC,Tottenham Hotspur FC,2,2,36.0,64.0,12.0,11.0,4.0,3.0
20/09/2025 15:00,Burnley FC,Nottingham Forest FC,1,1,37.0,63.0,12.0,17.0,5.0,8.0
20/09/2025 15:00,West Ham United FC,Crystal Palace FC,1,2,57.0,43.0,8.0,18.0,3.0,3.0
20/09/2025 15:00,Wolverhampton Wanderers FC,Leeds United FC,1,3,56.0,44.0,16.0,6.0,6.0,4.0
20/09/2025 17:30,Manchester United FC,Chelsea FC,2,1,41.0,59.0,11.0,5.0,4.0,1.0
20/09/2025 20:00,Fulham FC,Brentford FC,3,1,53.0,47.0,14.0,8.0,3.0,3.0
21/09/2025 14:00,Sunderland AFC,Aston Villa FC,1,1,29.0,71.0,14.0,12.0,4.0,2.0
21/09/2025 14:00,AFC Bournemouth,Newcastle United FC,0,0,56.0,44.0,11.0,4.0,2.0,1.0
21/09/2025 16:30,Arsenal FC,Manchester City FC,1,1,67.0,33.0,12.0,5.0,3.0,3.0
27/09/2025 12:30,Brentford FC,Manchester United FC,3,1,44.0,56.0,10.0,14.0,8.0,6.0
27/09/2025 15:00,Chelsea FC,Brighton & Hove Albion FC,1,3,60.0,40.0,13.0,12.0,3.0,3.0
27/09/2025 15:00,Crystal Palace FC,Liverpool FC,2,1,28.0,72.0,16.0,20.0,7.0,4.0
27/09/2025 15:00,Leeds United FC,AFC Bournemouth,2,2,41.0,59.0,19.0,12.0,8.0,5.0
27/09/2025 15:00,Manchester City FC,Burnley FC,5,1,68.0,32.0,21.0,9.0,8.0,2.0
27/09/2025 17:30,Nottingham Forest FC,Sunderland AFC,0,1,65.0,35.0,22.0,11.0,6.0,3.0
27/09/2025 20:00,Tottenham Hotspur FC,Wolverhampton Wanderers FC,1,1,51.0,49.0,10.0,9.0,3.0,3.0
28/09/2025 14:00,Aston Villa FC,Fulham FC,3,1,48.0,52.0,9.0,11.0,4.0,4.0
28/09/2025 16:30,Newcastle United FC,Arsenal FC,1,2,37.0,63.0,8.0,20.0,3.0,7.0
29/09/2025 20:00,Everton FC,West Ham United FC,1,1,52.0,48.0,12.0,14.0,6.0,3.0
03/10/2025 20:00,AFC Bournemouth,Fulham FC,3,1,54.0,46.0,11.0,12.0,6.0,4.0
04/10/2025 12:30,Leeds United FC,Tottenham Hotspur FC,1,2,56.0,44.0,16.0,9.0,4.0,3.0
04/10/2025 15:00,Arsenal FC,West Ham United FC,2,0,68.0,32.0,21.0,4.0,5.0,0.0
04/10/2025 15:00,Manchester United FC,Sunderland AFC,2,0,50.0,50.0,15.0,8.0,6.0,3.0
04/10/2025 17:30,Chelsea FC,Liverpool FC,2,1,53.0,47.0,12.0,12.0,6.0,2.0
05/10/2025 14:00,Aston Villa FC,Burnley FC,2,1,55.0,45.0,15.0,5.0,7.0,2.0
05/10/2025 14:00,Everton FC,Crystal Palace FC,2,1,50.0,50.0,14.0,15.0,7.0,8.0
05/10/2025 14:00,Newcastle United FC,Nottingham Forest FC,2,0,51.0,49.0,18.0,5.0,9.0,4.0
05/10/2025 14:00,Wolverhampton Wanderers FC,Brighton & Hove Albion FC,1,1,42.0,58.0,6.0,17.0,3.0,6.0
05/10/2025 16:30,Brentford FC,Manchester City FC,0,1,30.0,70.0,6.0,10.0,1.0,4.0
18/10/2025 12:30,Nottingham Forest FC,Chelsea FC,0,3,50.0,50.0,12.0,17.0,2.0,6.0
18/10/2025 15:00,Brighton & Hove Albion FC,Newcastle United FC,2,1,46.0,54.0,13.0,16.0,5.0,3.0
18/10/2025 15:00,Burnley FC,Leeds United FC,2,0,31.0,69.0,4.0,19.0,3.0,4.0
18/10/2025 15:00,Crystal Palace FC,AFC Bournemouth,3,3,52.0,48.0,20.0,8.0,7.0,5.0
18/10/2025 15:00,Manchester City FC,Everton FC,2,0,71.0,29.0,19.0,5.0,7.0,1.0
18/10/2025 15:00,Sunderland AFC,Wolverhampton Wanderers FC,2,0,41.0,59.0,8.0,16.0,2.0,3.0
18/10/2025 17:30,Fulham FC,Arsenal FC,0,1,37.0,63.0,9.0,16.0,0.0,5.0
19/10/2025 14:00,Tottenham Hotspur FC,Aston Villa FC,1,2,53.0,47.0,10.0,8.0,3.0,2.0
19/10/2025 16:30,Liverpool FC,Manchester United FC,1,2,64.0,36.0,19.0,12.0,6.0,4.0
20/10/2025 20:00,West Ham United FC,Brentford FC,0,2,44.0,56.0,7.0,22.0,1.0,7.0
24/10/2025 20:00,Leeds United FC,West Ham United FC,2,1,41.0,59.0,13.0,9.0,5.0,3.0
25/10/2025 15:00,Newcastle United FC,Fulham FC,2,1,51.0,49.0,18.0,12.0,7.0,5.0
25/10/2025 15:00,Chelsea FC,Sunderland AFC,1,2,68.0,32.0,16.0,10.0,7.0,4.0
25/10/2025 17:30,Manchester United FC,Brighton & Hove Albion FC,4,2,44.0,56.0,13.0,17.0,9.0,5.0
25/10/2025 20:00,Brentford FC,Liverpool FC,3,2,34.0,66.0,17.0,18.0,8.0,5.0
26/10/2025 14:00,Arsenal FC,Crystal Palace FC,1,0,60.0,40.0,10.0,7.0,3.0,1.0
26/10/2025 14:00,Aston Villa FC,Manchester City FC,1,0,47.0,53.0,9.0,18.0,3.0,4.0
26/10/2025 14:00,Wolverhampton Wanderers FC,Burnley FC,2,3,57.0,43.0,15.0,11.0,7.0,7.0
26/10/2025 16:00,AFC Bournemouth,Nottingham Forest FC,2,0,52.0,48.0,13.0,8.0,5.0,4.0
26/10/2025 16:30,Everton FC,Tottenham Hotspur FC,0,3,54.0,46.0,12.0,7.0,2.0,4.0
01/11/2025 15:00,Nottingham Forest FC,Manchester United FC,2,2,41.0,59.0,17.0,18.0,3.0,7.0
01/11/2025 15:00,Fulham FC,Wolverhampton Wanderers FC,3,0,63.0,37.0,19.0,5.0,6.0,2.0
01/11/2025 15:00,Crystal Palace FC,Brentford FC,2,0,36.0,64.0,10.0,6.0,3.0,2.0
01/11/2025 15:00,Burnley FC,Arsenal FC,0,2,46.0,54.0,3.0,12.0,0.0,8.0
01/11/2025 15:00,Brighton & Hove Albion FC,Leeds United FC,3,0,50.0,50.0,14.0,5.0,7.0,2.0
01/11/2025 17:30,Tottenham Hotspur FC,Chelsea FC,0,1,48.0,52.0,3.0,15.0,1.0,9.0
01/11/2025 20:00,Liverpool FC,Aston Villa FC,2,0,53.0,47.0,16.0,10.0,4.0,3.0
02/11/2025 14:00,West Ham United FC,Newcastle United FC,3,1,37.0,63.0,15.0,12.0,9.0,4.0
02/11/2025 16:30,Manchester City FC,AFC Bournemouth,3,1,48.0,52.0,15.0,8.0,8.0,5.0
03/11/2025 20:00,Sunderland AFC,Everton FC,1,1,61.0,39.0,17.0,8.0,3.0,2.0
08/11/2025 12:30,Tottenham Hotspur FC,Manchester United FC,2,2,55.0,45.0,10.0,5.0,4.0,2.0
08/11/2025 15:00,West Ham United FC,Burnley FC,3,2,43.0,57.0,15.0,16.0,6.0,7.0
08/11/2025 15:00,Everton FC,Fulham FC,2,0,50.0,50.0,14.0,8.0,5.0,4.0
08/11/2025 17:30,Sunderland AFC,Arsenal FC,2,2,35.0,65.0,6.0,17.0,2.0,7.0
08/11/2025 20:00,Chelsea FC,Wolverhampton Wanderers FC,3,0,64.0,36.0,20.0,3.0,8.0,0.0
09/11/2025 14:00,Aston Villa FC,AFC Bournemouth,4,0,52.0,48.0,16.0,12.0,8.0,3.0
09/11/2025 14:00,Brentford FC,Newcastle United FC,3,1,49.0,51.0,15.0,5.0,7.0,1.0
09/11/2025 14:00,Crystal Palace FC,Brighton & Hove Albion FC,0,0,42.0,58.0,10.0,7.0,2.0,3.0
09/11/2025 14:00,Nottingham Forest FC,Leeds United FC,3,1,46.0,54.0,14.0,10.0,6.0,3.0
09/11/2025 16:30,Manchester City FC,Liverpool FC,3,0,48.0,52.0,14.0,7.0,6.0,1.0
22/11/2025 12:30,Burnley FC,Chelsea FC,0,2,44.0,56.0,8.0,15.0,2.0,5.0
22/11/2025 15:00,Wolverhampton Wanderers FC,Crystal Palace FC,0,2,48.0,52.0,8.0,10.0,1.0,4.0
22/11/2025 15:00,Liverpool FC,Nottingham Forest FC,0,3,74.0,26.0,21.0,15.0,4.0,7.0
22/11/2025 15:00,Fulham FC,Sunderland AFC,1,0,57.0,43.0,24.0,4.0,6.0,2.0
22/11/2025 15:00,Brighton & Hove Albion FC,Brentford FC,2,1,64.0,36.0,14.0,10.0,5.0,4.0
22/11/2025 15:00,AFC Bournemouth,West Ham United FC,2,2,76.0,24.0,28.0,5.0,10.0,2.0
22/11/2025 17:30,Newcastle United FC,Manchester City FC,2,1,33.0,67.0,9.0,17.0,5.0,4.0
23/11/2025 14:00,Leeds United FC,Aston Villa FC,1,2,48.0,52.0,14.0,14.0,5.0,3.0
23/11/2025 16:30,Arsenal FC,Tottenham Hotspur FC,4,1,57.0,43.0,17.0,3.0,8.0,2.0
24/11/2025 20:00,Manchester United FC,Everton FC,0,1,70.0,30.0,25.0,3.0,6.0,1.0
29/11/2025 15:00,Sunderland AFC,AFC Bournemouth,3,2,42.0,58.0,12.0,18.0,6.0,6.0
29/11/2025 15:00,Brentford FC,Burnley FC,3,1,52.0,48.0,14.0,6.0,4.0,2.0
29/11/2025 15:00,Manchester City FC,Leeds United FC,3,2,62.0,38.0,18.0,9.0,9.0,4.0
29/11/2025 17:30,Everton FC,Newcastle United FC,1,4,49.0,51.0,10.0,13.0,2.0,8.0
29/11/2025 20:00,Tottenham Hotspur FC,Fulham FC,1,2,63.0,37.0,14.0,7.0,2.0,3.0
30/11/2025 12:00,Crystal Palace FC,Manchester United FC,1,2,44.0,56.0,14.0,14.0,3.0,6.0
30/11/2025 14:05,Aston Villa FC,Wolverhampton Wanderers FC,1,0,52.0,48.0,16.0,9.0,6.0,4.0
30/11/2025 14:05,Nottingham Forest FC,Brighton & Hove Albion FC,0,2,52.0,48.0,19.0,17.0,3.0,6.0
30/11/2025 14:05,West Ham United FC,Liverpool FC,0,2,44.0,56.0,7.0,9.0,0.0,5.0
30/11/2025 16:30,Chelsea FC,Arsenal FC,1,1,38.0,62.0,11.0,8.0,4.0,4.0
02/12/2025 19:30,AFC Bournemouth,Everton FC,0,1,55.0,45.0,5.0,13.0,2.0,3.0
02/12/2025 19:30,Fulham FC,Manchester City FC,4,5,57.0,43.0,12.0,11.0,6.0,4.0
02/12/2025 20:15,Newcastle United FC,Tottenham Hotspur FC,2,2,53.0,47.0,19.0,8.0,7.0,2.0
03/12/2025 19:30,Wolverhampton Wanderers FC,Nottingham Forest FC,0,1,50.0,50.0,5.0,10.0,1.0,3.0
03/12/2025 19:30,Burnley FC,Crystal Palace FC,0,1,58.0,42.0,11.0,3.0,4.0,3.0
03/12/2025 19:30,Brighton & Hove Albion FC,Aston Villa FC,3,4,56.0,44.0,16.0,14.0,7.0,10.0
03/12/2025 19:30,Arsenal FC,Brentford FC,2,0,62.0,38.0,15.0,6.0,7.0,1.0
03/12/2025 20:15,Liverpool FC,Sunderland AFC,1,1,68.0,32.0,23.0,9.0,4.0,6.0
03/12/2025 20:15,Leeds United FC,Chelsea FC,3,1,29.0,71.0,17.0,14.0,5.0,2.0
04/12/2025 20:00,Manchester United FC,West Ham United FC,1,1,65.0,35.0,17.0,11.0,4.0,3.0
06/12/2025 12:30,Aston Villa FC,Arsenal FC,2,1,47.0,53.0,15.0,15.0,6.0,9.0
06/12/2025 15:00,Tottenham Hotspur FC,Brentford FC,2,0,53.0,47.0,15.0,4.0,7.0,1.0
06/12/2025 15:00,AFC Bournemouth,Chelsea FC,0,0,39.0,61.0,13.0,11.0,5.0,4.0
06/12/2025 15:00,Everton FC,Nottingham Forest FC,3,0,42.0,58.0,11.0,7.0,5.0,3.0
06/12/2025 15:00,Manchester City FC,Sunderland AFC,3,0,64.0,36.0,18.0,8.0,6.0,1.0
06/12/2025 15:00,Newcastle United FC,Burnley FC,2,1,69.0,31.0,17.0,9.0,7.0,3.0
06/12/2025 17:30,Leeds United FC,Liverpool FC,3,3,45.0,55.0,12.0,16.0,5.0,7.0
07/12/2025 14:00,Brighton & Hove Albion FC,West Ham United FC,1,1,68.0,32.0,22.0,14.0,4.0,5.0
07/12/2025 16:30,Fulham FC,Crystal Palace FC,1,2,63.0,37.0,12.0,11.0,4.0,5.0
08/12/2025 20:00,Wolverhampton Wanderers FC,Manchester United FC,1,4,36.0,64.0,8.0,27.0,2.0,10.0
13/12/2025 15:00,Chelsea FC,Everton FC,2,0,58.0,42.0,17.0,11.0,5.0,2.0
13/12/2025 15:00,Liverpool FC,Brighton & Hove Albion FC,2,0,49.0,51.0,18.0,14.0,4.0,1.0
13/12/2025 17:30,Burnley FC,Fulham FC,2,3,53.0,47.0,16.0,6.0,8.0,4.0
13/12/2025 20:00,Arsenal FC,Wolverhampton Wanderers FC,2,1,69.0,31.0,16.0,3.0,2.0,2.0
14/12/2025 14:00,Sunderland AFC,Newcastle United FC,1,0,46.0,54.0,5.0,6.0,1.0,2.0
14/12/2025 14:00,Crystal Palace FC,Manchester City FC,0,3,38.0,62.0,16.0,7.0,4.0,6.0
14/12/2025 14:00,Nottingham Forest FC,Tottenham Hotspur FC,3,0,48.0,52.0,15.0,6.0,6.0,1.0
14/12/2025 14:00,West Ham United FC,Aston Villa FC,2,3,41.0,59.0,10.0,7.0,3.0,4.0
14/12/2025 16:30,Brentford FC,Leeds United FC,1,1,57.0,43.0,7.0,18.0,2.0,4.0
15/12/2025 20:00,Manchester United FC,AFC Bournemouth,4,4,56.0,44.0,25.0,14.0,9.0,9.0
20/12/2025 12:30,Newcastle United FC,Chelsea FC,2,2,47.0,53.0,11.0,13.0,5.0,4.0
20/12/2025 15:00,AFC Bournemouth,Burnley FC,1,1,65.0,35.0,16.0,4.0,1.0,1.0
20/12/2025 15:00,Brighton & Hove Albion FC,Sunderland AFC,0,0,57.0,43.0,16.0,14.0,4.0,6.0
20/12/2025 15:00,Manchester City FC,West Ham United FC,3,0,66.0,34.0,17.0,7.0,8.0,3.0
20/12/2025 15:00,Wolverhampton Wanderers FC,Brentford FC,0,2,44.0,56.0,9.0,7.0,2.0,6.0
20/12/2025 17:30,Tottenham Hotspur FC,Liverpool FC,1,2,35.0,65.0,15.0,8.0,4.0,4.0
20/12/2025 20:00,Everton FC,Arsenal FC,0,1,35.0,65.0,5.0,13.0,1.0,2.0
20/12/2025 20:00,Leeds United FC,Crystal Palace FC,4,1,53.0,47.0,20.0,9.0,8.0,3.0
21/12/2025 16:30,Aston Villa FC,Manchester United FC,2,1,43.0,57.0,12.0,15.0,4.0,6.0
22/12/2025 20:00,Fulham FC,Nottingham Forest FC,1,0,50.0,50.0,11.0,12.0,1.0,2.0
26/12/2025 20:00,Manchester United FC,Newcastle United FC,1,0,33.0,67.0,10.0,16.0,4.0,3.0
27/12/2025 12:30,Nottingham Forest FC,Manchester City FC,1,2,34.0,66.0,7.0,16.0,2.0,5.0
27/12/2025 15:00,Arsenal FC,Brighton & Hove Albion FC,2,1,53.0,47.0,24.0,8.0,6.0,3.0
27/12/2025 15:00,Brentford FC,AFC Bournemouth,4,1,49.0,51.0,15.0,20.0,7.0,10.0
27/12/2025 15:00,Burnley FC,Everton FC,0,0,55.0,45.0,16.0,15.0,0.0,6.0
27/12/2025 15:00,Liverpool FC,Wolverhampton Wanderers FC,2,1,67.0,33.0,14.0,9.0,4.0,4.0
27/12/2025 15:00,West Ham United FC,Fulham FC,0,1,44.0,56.0,11.0,15.0,2.0,4.0
27/12/2025 17:30,Chelsea FC,Aston Villa FC,1,2,63.0,37.0,14.0,11.0,3.0,8.0
28/12/2025 14:00,Sunderland AFC,Leeds United FC,1,1,43.0,57.0,8.0,17.0,3.0,6.0
28/12/2025 16:30,Crystal Palace FC,Tottenham Hotspur FC,0,1,62.0,38.0,15.0,8.0,2.0,4.0
30/12/2025 19:30,West Ham United FC,Brighton & Hove Albion FC,2,2,39.0,61.0,10.0,16.0,4.0,6.0
30/12/2025 19:30,Nottingham Forest FC,Everton FC,0,2,70.0,30.0,21.0,11.0,6.0,3.0
30/12/2025 19:30,Burnley FC,Newcastle United FC,1,3,49.0,51.0,15.0,20.0,4.0,9.0
30/12/2025 19:30,Chelsea FC,AFC Bournemouth,2,2,67.0,33.0,17.0,17.0,3.0,6.0
30/12/2025 20:15,Arsenal FC,Aston Villa FC,4,1,47.0,53.0,22.0,11.0,7.0,3.0
30/12/2025 20:15,Manchester United FC,Wolverhampton Wanderers FC,1,1,57.0,43.0,15.0,11.0,6.0,4.0
01/01/2026 17:30,Crystal Palace FC,Fulham FC,1,1,40.0,60.0,11.0,17.0,2.0,5.0
01/01/2026 17:30,Liverpool FC,Leeds United FC,0,0,68.0,32.0,19.0,4.0,4.0,2.0
01/01/2026 20:00,Sunderland AFC,Manchester City FC,0,0,32.0,68.0,10.0,14.0,4.0,4.0
01/01/2026 20:00,Brentford FC,Tottenham Hotspur FC,0,0,56.0,44.0,7.0,9.0,2.0,3.0
03/01/2026 12:30,Aston Villa FC,Nottingham Forest FC,3,1,73.0,27.0,11.0,10.0,4.0,5.0
03/01/2026 15:00,Wolverhampton Wanderers FC,West Ham United FC,3,0,33.0,67.0,11.0,6.0,8.0,0.0
03/01/2026 15:00,Brighton & Hove Albion FC,Burnley FC,2,0,60.0,40.0,15.0,5.0,4.0,3.0
03/01/2026 17:30,AFC Bournemouth,Arsenal FC,2,3,43.0,57.0,15.0,12.0,3.0,5.0
04/01/2026 12:30,Leeds United FC,Manchester United FC,1,1,45.0,55.0,11.0,15.0,3.0,2.0
04/01/2026 15:00,Everton FC,Brentford FC,2,4,45.0,55.0,14.0,11.0,6.0,7.0
04/01/2026 15:00,Newcastle United FC,Crystal Palace FC,2,0,59.0,41.0,12.0,11.0,7.0,1.0
04/01/2026 15:00,Tottenham Hotspur FC,Sunderland AFC,1,1,49.0,51.0,13.0,10.0,5.0,3.0
04/01/2026 15:15,Fulham FC,Liverpool FC,2,2,42.0,58.0,8.0,10.0,2.0,2.0
04/01/2026 17:30,Manchester City FC,Chelsea FC,1,1,57.0,43.0,14.0,8.0,3.0,3.0
06/01/2026 20:00,West Ham United FC,Nottingham Forest FC,1,2,47.0,53.0,14.0,13.0,3.0,5.0
07/01/2026 19:30,Manchester City FC,Brighton & Hove Albion FC,1,1,60.0,40.0,21.0,6.0,6.0,3.0
07/01/2026 19:30,Fulham FC,Chelsea FC,2,1,55.0,45.0,16.0,14.0,5.0,6.0
07/01/2026 19:30,Everton FC,Wolverhampton Wanderers FC,1,1,45.0,55.0,13.0,13.0,2.0,4.0
07/01/2026 19:30,Crystal Palace FC,Aston Villa FC,0,0,41.0,59.0,11.0,15.0,5.0,3.0
07/01/2026 19:30,AFC Bournemouth,Tottenham Hotspur FC,3,2,42.0,58.0,11.0,16.0,3.0,4.0
07/01/2026 19:30,Brentford FC,Sunderland AFC,3,0,50.0,50.0,18.0,11.0,6.0,3.0
07/01/2026 20:15,Burnley FC,Manchester United FC,2,2,35.0,65.0,7.0,30.0,1.0,10.0
07/01/2026 20:15,Newcastle United FC,Leeds United FC,4,3,62.0,38.0,18.0,14.0,8.0,6.0
08/01/2026 20:00,Arsenal FC,Liverpool FC,0,0,48.0,52.0,9.0,8.0,4.0,0.0
17/01/2026 12:30,Manchester United FC,Manchester City FC,2,0,32.0,68.0,11.0,7.0,7.0,1.0
17/01/2026 15:00,Tottenham Hotspur FC,West Ham United FC,1,2,62.0,38.0,21.0,17.0,6.0,4.0
17/01/2026 15:00,Liverpool FC,Burnley FC,1,1,73.0,27.0,32.0,7.0,11.0,1.0
17/01/2026 15:00,Leeds United FC,Fulham FC,1,0,46.0,54.0,14.0,8.0,5.0,1.0
17/01/2026 15:00,Sunderland AFC,Crystal Palace FC,2,1,57.0,43.0,13.0,6.0,7.0,2.0
17/01/2026 15:00,Chelsea FC,Brentford FC,2,0,46.0,54.0,6.0,15.0,2.0,5.0
17/01/2026 17:30,Nottingham Forest FC,Arsenal FC,0,0,40.0,60.0,6.0,15.0,0.0,3.0
18/01/2026 14:00,Wolverhampton Wanderers FC,Newcastle United FC,0,0,33.0,67.0,6.0,12.0,2.0,2.0
18/01/2026 16:30,Aston Villa FC,Everton FC,0,1,63.0,37.0,18.0,9.0,5.0,3.0
19/01/2026 20:00,Brighton & Hove Albion FC,AFC Bournemouth,1,1,67.0,33.0,17.0,11.0,5.0,2.0
24/01/2026 12:30,West Ham United FC,Sunderland AFC,3,1,47.0,53.0,13.0,7.0,5.0,2.0
24/01/2026 15:00,Manchester City FC,Wolverhampton Wanderers FC,2,0,64.0,36.0,11.0,11.0,4.0,1.0
24/01/2026 15:00,Burnley FC,Tottenham Hotspur FC,2,2,38.0,62.0,9.0,18.0,4.0,11.0
24/01/2026 15:00,Fulham FC,Brighton & Hove Albion FC,2,1,49.0,51.0,12.0,13.0,4.0,5.0
24/01/2026 17:30,AFC Bournemouth,Liverpool FC,3,2,33.0,67.0,12.0,14.0,5.0,4.0
25/01/2026 14:00,Crystal Palace FC,Chelsea FC,1,3,43.0,57.0,13.0,10.0,7.0,6.0
25/01/2026 14:00,Brentford FC,Nottingham Forest FC,0,2,66.0,34.0,10.0,7.0,1.0,2.0
25/01/2026 14:00,Newcastle United FC,Aston Villa FC,0,2,61.0,39.0,15.0,14.0,4.0,8.0
25/01/2026 16:30,Arsenal FC,Manchester United FC,2,3,56.0,44.0,15.0,10.0,4.0,3.0
26/01/2026 20:00,Everton FC,Leeds United FC,1,1,58.0,42.0,10.0,14.0,3.0,4.0
31/01/2026 15:00,Brighton & Hove Albion FC,Everton FC,1,1,54.0,46.0,11.0,7.0,2.0,4.0
31/01/2026 15:00,Leeds United FC,Arsenal FC,0,4,50.0,50.0,3.0,15.0,1.0,9.0
31/01/2026 15:00,Wolverhampton Wanderers FC,AFC Bournemouth,0,2,51.0,49.0,17.0,9.0,7.0,4.0
31/01/2026 17:30,Chelsea FC,West Ham United FC,3,2,71.0,29.0,14.0,11.0,6.0,6.0
31/01/2026 20:00,Liverpool FC,Newcastle United FC,4,1,54.0,46.0,17.0,8.0,7.0,2.0
01/02/2026 14:00,Nottingham Forest FC,Crystal Palace FC,1,1,33.0,67.0,9.0,14.0,1.0,3.0
01/02/2026 14:00,Manchester United FC,Fulham FC,3,2,42.0,58.0,13.0,14.0,6.0,6.0
01/02/2026 14:00,Aston Villa FC,Brentford FC,0,1,72.0,28.0,27.0,6.0,5.0,2.0
01/02/2026 16:30,Tottenham Hotspur FC,Manchester City FC,2,2,40.0,60.0,12.0,15.0,6.0,3.0
02/02/2026 20:00,Sunderland AFC,Burnley FC,3,0,44.0,56.0,14.0,5.0,5.0,0.0
06/02/2026 20:00,Leeds United FC,Nottingham Forest FC,3,1,56.0,44.0,14.0,16.0,5.0,6.0
07/02/2026 12:30,Manchester United FC,Tottenham Hotspur FC,2,0,65.0,35.0,23.0,7.0,10.0,1.0
07/02/2026 15:00,AFC Bournemouth,Aston Villa FC,1,1,53.0,47.0,20.0,7.0,9.0,4.0
07/02/2026 15:00,Arsenal FC,Sunderland AFC,3,0,49.0,51.0,16.0,5.0,5.0,3.0
07/02/2026 15:00,Burnley FC,West Ham United FC,0,2,54.0,46.0,18.0,6.0,5.0,4.0
07/02/2026 15:00,Fulham FC,Everton FC,1,2,55.0,45.0,13.0,16.0,3.0,3.0
07/02/2026 15:00,Wolverhampton Wanderers FC,Chelsea FC,1,3,34.0,66.0,11.0,15.0,3.0,6.0
07/02/2026 17:30,Newcastle United FC,Brentford FC,2,3,54.0,46.0,16.0,11.0,4.0,5.0
08/02/2026 14:00,Brighton & Hove Albion FC,Crystal Palace FC,0,1,64.0,36.0,7.0,7.0,2.0,4.0
08/02/2026 16:30,Liverpool FC,Manchester City FC,1,2,46.0,54.0,15.0,17.0,4.0,7.0
10/02/2026 19:30,Chelsea FC,Leeds United FC,2,2,66.0,34.0,19.0,4.0,4.0,2.0
10/02/2026 19:30,Everton FC,AFC Bournemouth,1,2,53.0,47.0,16.0,11.0,6.0,4.0
10/02/2026 19:30,Tottenham Hotspur FC,Newcastle United FC,1,2,53.0,47.0,16.0,21.0,2.0,5.0
10/02/2026 20:15,West Ham United FC,Manchester United FC,1,1,35.0,65.0,7.0,9.0,3.0,3.0
11/02/2026 19:30,Aston Villa FC,Brighton & Hove Albion FC,1,0,50.0,50.0,15.0,9.0,1.0,3.0
11/02/2026 19:30,Manchester City FC,Fulham FC,3,0,56.0,44.0,13.0,14.0,5.0,3.0
11/02/2026 19:30,Nottingham Forest FC,Wolverhampton Wanderers FC,0,0,63.0,37.0,35.0,7.0,10.0,3.0
11/02/2026 19:40,Crystal Palace FC,Burnley FC,2,3,64.0,36.0,21.0,8.0,3.0,3.0
11/02/2026 20:15,Sunderland AFC,Liverpool FC,0,1,43.0,57.0,11.0,23.0,2.0,3.0
12/02/2026 20:00,Brentford FC,Arsenal FC,1,1,41.0,59.0,12.0,7.0,3.0,2.0
18/02/2026 20:00,Wolverhampton Wanderers FC,Arsenal FC,2,2,42.0,58.0,5.0,10.0,2.0,4.0
21/02/2026 15:00,Aston Villa FC,Leeds United FC,1,1,67.0,33.0,16.0,14.0,4.0,4.0
21/02/2026 15:00,Brentford FC,Brighton & Hove Albion FC,0,2,52.0,48.0,13.0,11.0,3.0,7.0
21/02/2026 15:00,Chelsea FC,Burnley FC,1,1,66.0,34.0,12.0,12.0,2.0,4.0
21/02/2026 17:30,West Ham United FC,AFC Bournemouth,0,0,42.0,58.0,20.0,10.0,3.0,5.0
21/02/2026 20:00,Manchester City FC,Newcastle United FC,2,1,55.0,45.0,15.0,13.0,7.0,7.0
22/02/2026 14:00,Sunderland AFC,Fulham FC,1,3,53.0,47.0,12.0,12.0,2.0,4.0
22/02/2026 14:00,Crystal Palace FC,Wolverhampton Wanderers FC,1,0,61.0,39.0,14.0,12.0,3.0,7.0
22/02/2026 14:00,Nottingham Forest FC,Liverpool FC,0,1,47.0,53.0,18.0,10.0,2.0,4.0
22/02/2026 16:30,Tottenham Hotspur FC,Arsenal FC,1,4,40.0,60.0,6.0,20.0,5.0,7.0
23/02/2026 20:00,Everton FC,Manchester United FC,0,1,48.0,52.0,12.0,11.0,4.0,3.0
27/02/2026 20:00,Wolverhampton Wanderers FC,Aston Villa FC,2,0,39.0,61.0,9.0,14.0,2.0,5.0
28/02/2026 12:30,AFC Bournemouth,Sunderland AFC,1,1,62.0,38.0,21.0,8.0,5.0,4.0
28/02/2026 15:00,Burnley FC,Brentford FC,3,4,41.0,59.0,12.0,16.0,3.0,7.0
28/02/2026 15:00,Liverpool FC,West Ham United FC,5,2,49.0,51.0,18.0,11.0,7.0,4.0
28/02/2026 15:00,Newcastle United FC,Everton FC,2,3,66.0,34.0,17.0,9.0,7.0,5.0
28/02/2026 17:30,Leeds United FC,Manchester City FC,0,1,33.0,67.0,14.0,14.0,2.0,5.0
01/03/2026 14:00,Brighton & Hove Albion FC,Nottingham Forest FC,2,1,53.0,47.0,14.0,13.0,7.0,4.0
01/03/2026 14:00,Fulham FC,Tottenham Hotspur FC,2,1,54.0,46.0,18.0,13.0,4.0,1.0
01/03/2026 14:00,Manchester United FC,Crystal Palace FC,2,1,61.0,39.0,20.0,8.0,11.0,3.0
01/03/2026 16:30,Arsenal FC,Chelsea FC,2,1,41.0,59.0,12.0,9.0,5.0,3.0
03/03/2026 19:30,AFC Bournemouth,Brentford FC,0,0,48.0,52.0,13.0,5.0,2.0,2.0
04/03/2026 20:15,Newcastle United FC,Manchester United FC,2,1,45.0,55.0,12.0,14.0,5.0,5.0
03/03/2026 19:30,Everton FC,Burnley FC,2,0,55.0,45.0,14.0,5.0,5.0,2.0
04/03/2026 19:30,Aston Villa FC,Chelsea FC,1,4,43.0,57.0,9.0,15.0,4.0,8.0
05/03/2026 20:00,Tottenham Hotspur FC,Crystal Palace FC,1,3,40.0,60.0,12.0,9.0,4.0,4.0
03/03/2026 20:15,Wolverhampton Wanderers FC,Liverpool FC,2,1,33.0,67.0,4.0,20.0,3.0,9.0
04/03/2026 19:30,Manchester City FC,Nottingham Forest FC,2,2,70.0,30.0,21.0,9.0,7.0,4.0
03/03/2026 19:30,Leeds United FC,Sunderland AFC,0,1,70.0,30.0,18.0,3.0,4.0,1.0
04/03/2026 19:30,Brighton & Hove Albion FC,Arsenal FC,0,1,60.0,40.0,11.0,7.0,3.0,2.0
04/03/2026 19:30,Fulham FC,West Ham United FC,0,1,60.0,40.0,13.0,9.0,5.0,3.0
14/03/2026 15:00,Nottingham Forest FC,Fulham FC,0,0,46.0,54.0,11.0,6.0,2.0,1.0
14/03/2026 12:30,West Ham United FC,Manchester City FC,1,1,29.0,71.0,1.0,24.0,1.0,6.0
15/03/2026 14:00,Arsenal FC,Everton FC,2,0,64.0,36.0,25.0,9.0,7.0,3.0
14/03/2026 15:00,Burnley FC,AFC Bournemouth,0,0,38.0,62.0,15.0,22.0,2.0,3.0
14/03/2026 15:00,Sunderland AFC,Brighton & Hove Albion FC,0,1,48.0,52.0,14.0,12.0,4.0,4.0
16/03/2026 20:00,Brentford FC,Wolverhampton Wanderers FC,2,2,49.0,51.0,10.0,13.0,3.0,4.0
15/03/2026 14:00,Manchester United FC,Aston Villa FC,3,1,52.0,48.0,16.0,9.0,6.0,2.0
14/03/2026 17:30,Chelsea FC,Newcastle United FC,0,1,67.0,33.0,22.0,7.0,3.0,5.0
15/03/2026 16:30,Liverpool FC,Tottenham Hotspur FC,1,1,63.0,37.0,17.0,13.0,4.0,7.0
14/03/2026 15:00,Crystal Palace FC,Leeds United FC,0,0,67.0,33.0,12.0,10.0,0.0,3.0
20/03/2026 20:00,AFC Bournemouth,Manchester United FC,2,2,55.0,45.0,16.0,14.0,5.0,5.0
22/03/2026 14:15,Tottenham Hotspur FC,Nottingham Forest FC,0,3,59.0,41.0,14.0,8.0,3.0,7.0
21/03/2026 17:30,Everton FC,Chelsea FC,3,0,36.0,64.0,10.0,12.0,9.0,4.0
22/03/2026 12:00,Newcastle United FC,Sunderland AFC,1,2,60.0,40.0,16.0,17.0,4.0,7.0
21/03/2026 12:30,Brighton & Hove Albion FC,Liverpool FC,2,1,47.0,53.0,16.0,12.0,7.0,5.0
21/03/2026 15:00,Fulham FC,Burnley FC,3,1,56.0,44.0,22.0,9.0,6.0,5.0
21/03/2026 20:00,Leeds United FC,Brentford FC,0,0,57.0,43.0,14.0,6.0,4.0,2.0
22/03/2026 14:15,Aston Villa FC,West Ham United FC,2,2,59.0,41.0,23.0,9.0,7.0,1.0
11/04/2026 14:00,Nottingham Forest FC,Aston Villa FC,1,1,41.0,59.0,15.0,12.0,4.0,5.0
11/04/2026 14:00,Manchester United FC,Leeds United FC,1,2,53.0,47.0,20.0,15.0,9.0,6.0
11/04/2026 14:00,Burnley FC,Brighton & Hove Albion FC,0,2,50.0,50.0,10.0,13.0,5.0,6.0
11/04/2026 14:00,Arsenal FC,AFC Bournemouth,1,2,52.0,48.0,15.0,8.0,3.0,3.0
11/04/2026 14:00,Brentford FC,Everton FC,2,2,55.0,45.0,17.0,14.0,4.0,7.0
11/04/2026 14:00,West Ham United FC,Wolverhampton Wanderers FC,4,0,44.0,56.0,18.0,14.0,7.0,3.0
11/04/2026 14:00,Sunderland AFC,Tottenham Hotspur FC,1,0,52.0,48.0,13.0,11.0,2.0,7.0
11/04/2026 14:00,Liverpool FC,Fulham FC,2,0,53.0,47.0,18.0,19.0,5.0,4.0
11/04/2026 14:00,Chelsea FC,Manchester City FC,0,3,37.0,63.0,12.0,18.0,3.0,8.0
11/04/2026 14:00,Crystal Palace FC,Newcastle United FC,2,1,41.0,59.0,11.0,7.0,5.0,3.0
18/04/2026 15:00,Newcastle United FC,AFC Bournemouth,1,2,54.0,46.0,12.0,12.0,3.0,3.0
18/04/2026 19:00,Brentford FC,Fulham FC,0,0,48.0,52.0,13.0,11.0,4.0,0.0
18/04/2026 19:00,Chelsea FC,Manchester United FC,0,1,59.0,41.0,21.0,4.0,3.0,1.0
18/04/2026 19:00,Tottenham Hotspur FC,Brighton & Hove Albion FC,2,2,42.0,58.0,13.0,10.0,6.0,3.0
18/04/2026 19:00,Leeds United FC,Wolverhampton Wanderers FC,3,0,56.0,44.0,17.0,7.0,6.0,2.0
19/04/2026 19:00,Manchester City FC,Arsenal FC,2,1,59.0,41.0,15.0,9.0,5.0,3.0
19/04/2026 19:00,Everton FC,Liverpool FC,1,2,44.0,56.0,10.0,14.0,4.0,6.0
19/04/2026 19:00,Aston Villa FC,Sunderland AFC,4,3,50.0,50.0,15.0,10.0,7.0,7.0
19/04/2026 19:00,Nottingham Forest FC,Burnley FC,4,1,51.0,49.0,10.0,4.0,4.0,3.0
20/04/2026 19:00,Crystal Palace FC,West Ham United FC,0,0,54.0,46.0,9.0,9.0,1.0,4.0
21/04/2026 19:00,Brighton & Hove Albion FC,Chelsea FC,3,0,53.0,47.0,15.0,6.0,9.0,0.0
22/04/2026 19:00,Burnley FC,Manchester City FC,0,1,34.0,66.0,9.0,28.0,1.0,9.0
22/04/2026 20:00,AFC Bournemouth,Leeds United FC,2,2,60.0,40.0,17.0,10.0,7.0,3.0
24/04/2026 19:00,Sunderland AFC,Nottingham Forest FC,0,5,61.0,39.0,14.0,10.0,4.0,6.0
25/04/2026 19:00,Liverpool FC,Crystal Palace FC,3,1,53.0,47.0,9.0,14.0,3.0,7.0
25/04/2026 19:00,West Ham United FC,Everton FC,2,1,44.0,56.0,10.0,11.0,3.0,3.0
25/04/2026 19:00,Arsenal FC,Newcastle United FC,1,0,45.0,55.0,11.0,13.0,4.0,3.0
25/04/2026 19:00,Fulham FC,Aston Villa FC,1,0,39.0,61.0,13.0,10.0,6.0,1.0
25/04/2026 19:00,Wolverhampton Wanderers FC,Tottenham Hotspur FC,0,1,41.0,59.0,11.0,11.0,2.0,2.0
27/04/2026 19:00,Manchester United FC,Brentford FC,2,1,45.0,55.0,11.0,12.0,6.0,4.0
